-- MySQL dump 10.13  Distrib 5.7.28, for Linux (x86_64)
--
-- Host: localhost    Database: hcs
-- ------------------------------------------------------
-- Server version	5.7.28-0ubuntu0.18.04.4

/*!40101 SET @OLD_CHARACTER_SET_CLIENT=@@CHARACTER_SET_CLIENT */;
/*!40101 SET @OLD_CHARACTER_SET_RESULTS=@@CHARACTER_SET_RESULTS */;
/*!40101 SET @OLD_COLLATION_CONNECTION=@@COLLATION_CONNECTION */;
/*!40101 SET NAMES utf8 */;
/*!40103 SET @OLD_TIME_ZONE=@@TIME_ZONE */;
/*!40103 SET TIME_ZONE='+00:00' */;
/*!40014 SET @OLD_UNIQUE_CHECKS=@@UNIQUE_CHECKS, UNIQUE_CHECKS=0 */;
/*!40014 SET @OLD_FOREIGN_KEY_CHECKS=@@FOREIGN_KEY_CHECKS, FOREIGN_KEY_CHECKS=0 */;
/*!40101 SET @OLD_SQL_MODE=@@SQL_MODE, SQL_MODE='NO_AUTO_VALUE_ON_ZERO' */;
/*!40111 SET @OLD_SQL_NOTES=@@SQL_NOTES, SQL_NOTES=0 */;

--
-- Table structure for table `diseases`
--

DROP TABLE IF EXISTS `diseases`;
/*!40101 SET @saved_cs_client     = @@character_set_client */;
/*!40101 SET character_set_client = utf8 */;
CREATE TABLE `diseases` (
  `id` int(10) NOT NULL AUTO_INCREMENT,
  `name` varchar(255) DEFAULT NULL,
  `treats` int(10) DEFAULT NULL,
  `palliates` int(10) DEFAULT NULL,
  `total_edges` int(10) DEFAULT NULL,
  `synonyms` text,
  `auroc` float DEFAULT NULL,
  `description` text,
  PRIMARY KEY (`id`)
) ENGINE=InnoDB AUTO_INCREMENT=137 DEFAULT CHARSET=utf8;
/*!40101 SET character_set_client = @saved_cs_client */;

--
-- Dumping data for table `diseases`
--

LOCK TABLES `diseases` WRITE;
/*!40000 ALTER TABLE `diseases` DISABLE KEYS */;
INSERT INTO `diseases` VALUES (1,'Alzheimer\'s disease',4,5,772,'AD | Alzheimer disease | Alzheimer disease, familial | Alzheimer\'s disease | Alzheimers dementia',0.977184,'A tauopathy that results in progressive memory loss, impaired thinking, disorientation, and changes in personality and mood starting and leads in advanced cases to a profound decline in cognitive and physical functioning and is marked histologically by the degeneration of brain neurons especially in the cerebral cortex and by the presence of neurofibrillary tangles and plaques containing beta-amyloid. It is characterized by memory lapses, confusion, emotional instability and progressive loss of mental ability.'),(2,'Barrett\'s esophagus',2,0,541,'(ulcerative esophagitis) or (Barrett\'s esophagus) | Barrett esophagus | Barrett\'s esophagus | Barrett\'s esophagus (disorder) | Barrett\'s esophagus (disorder) [Ambiguous] | Barrett\'s esophagus with esophagitis (disorder) | Barrett\'s oesophagus | Barrett\'s ulcer of esophagus (disorder) | Barretts syndrome | CLE',1,NULL),(3,'Behcet\'s disease',0,0,102,'Adamantiades-Behcet disease | Behcet syndrome | Behcet\'s disease | Behcet\'s syndrome | Behet\'s syndrome (disorder) | triple symptom complex',NULL,'A vasculitis that is characterized by an autoimmune mediated inflammation of the blood vessels throughout the body leading to ulcerations on the mouth and sometimes the genitals, notorious for causing hypopyon uveitis.'),(4,'Creutzfeldt-Jakob disease',0,0,53,'CJD (Creutzfeldt Jakob disease) | Creutzfeldt Jacob syndrome | Creutzfeldt Jakob disease | Creutzfeldt-Jacob disease | Creutzfeldt-Jakob disease | Jakob-Creutzfeldt disease | Subacute spongiform encephalopathy | Transmissible virus dementia (disorder)',NULL,NULL),(5,'Crohn\'s disease',6,2,686,'Crohn disease | Crohn\'s disease | Crohn\'s disease of colon (disorder) | Crohn\'s disease of large bowel | Granulomatous Colitis | Pediatric Crohn\'s disease | regional Ileitis | regional colitis | regional enteritis | regional enteritis of small intestine with large intestine | regional enteritis of the large bowel | regional ileocolitis',0.883268,'An intestinal disease that involves inflammation located_in intestine.'),(6,'Fuchs\' endothelial dystrophy',0,0,22,'FCED | Fuchs\' corneal dystrophy | Fuchs\' endothelial corneal dystrophy | Fuchs\' endothelial dystrophy',NULL,'A corneal dystrophy characterized by accumulation of focal outgrowths (guttae) and thickening of Descemet\'s membrane, leading to corneal edema and loss of vision.'),(7,'Gilles de la Tourette syndrome',0,9,63,'Gilles de la Tourette syndrome | Guinon\'s disease | Psychogenic tics | Tourette syndrome | motor-verbal tic disorder',NULL,'A tic disorder that is characterized by multiple physical (motor) tics and at least one vocal (phonic) tic present for more than a year.'),(8,'Graves\' disease',2,0,76,'Basedow\'s disease | Grave\'s disease | Graves disease | Graves\' disease | exophthalmic goiter',1,'An autoimmune disease of endocrine system that involves production of excessive amount of thyroid hormones, located_in thyroid gland.'),(9,'IgA glomerulonephritis',0,0,966,'Berger\'s IgA or IgG nephropathy (disorder) | Focal Glomerulonephritis | IGA glomerulonephritis | IgA glomerulonephritis | IgA nephropathy | IgA nephropathy (disorder) | primary IgA nephropathy (disorder) | segmental glomerulonephritis',NULL,'A glomerulonephritis characterized by build up of IgA antibody in the glomerulus.'),(10,'Kawasaki disease',1,0,49,'Kawasaki disease | Kawasaki\'s disease | MLNS | acute febrile MCLS | acute febrile mucocutaneous lymph node syndrome [MCLS] | mucocutaneous lymph node syndrome',0.937541,'A lymphadenitis characterized by swelling of cervical lymph nodes in infants and young children and inflammation of medium-sized blood vessels located_in body, has_symptom fever, has_symptom congestion of ocular conjunctivae, has_symptom reddening of lips, has_symptom reddening of oral cavity, has_symptom protuberance of tongue papillae and has_symptom edema of extremities.'),(11,'Paget\'s disease of bone',6,0,76,'Familial Paget\'s disease of bone | PAGET\'S BONE DISEASE | Paget disease of bone | Paget\'s disease of bone | osseous Paget\'s disease | osteitis deformans',0.999347,'A bone formation disease that has_material_basis_in hyperactive osteoclast which results_in abnormal osteoblast bone formation located_in skull, located_in pelvis, located_in vertebral column, located_in set of limbs.'),(12,'Parkinson\'s disease',0,28,795,'Parkinson disease | Parkinson\'s disease | paralysis agitans',NULL,'A synucleinopathy that has_material_basis_in degeneration of the central nervous system that often impairs motor skills, speech, and other functions.'),(13,'abdominal aortic aneurysm',0,0,582,'AORTIC ANEURYSM, FAMILIAL ABDOMINAL 1 | abdominal aortic aneurysm',NULL,'An aortic aneurysm that is located_in the abdominal aorta.'),(14,'acquired immunodeficiency syndrome',14,0,605,'AIDS | acquired Immune deficiency | acquired immune deficiency syndrome | acquired immunodeficiency syndrome',0.991985,'A Human immunodeficiency virus infectious disease that results_in reduction in the numbers of CD4-bearing helper T cells below 200 per µL of blood or 14% of all lymphocytes thereby rendering the subject highly vulnerable to life-threatening infections and cancers, has_material_basis_in Human immunodeficiency virus 1 or has_material_basis_in Human immunodeficiency virus 2, which are transmitted_by sexual contact, transmitted_by transfer of blood, semen, vaginal fluid, pre-ejaculate, or breast milk, transmitted_by congenital method, and transmitted_by contaminated needles. Opportunistic infections are common in people with AIDS.'),(15,'adrenal gland cancer',0,0,99,'adrenal cancer | adrenal gland cancer | adrenal neoplasm | malignant Adrenal tumor | malignant neoplasm of adrenal gland | neoplasm of adrenal gland (disorder) | tumor of the Adrenal gland',NULL,'An endocrine gland cancer located_in the adrenal glands which are located above the kidneys.'),(16,'age related macular degeneration',0,0,96,'Senile macular degeneration | Senile macular retinal degeneration | age related macular degeneration | age-related macular degeneration',NULL,'A degeneration of macula and posterior pole that is characterized by a loss of vision in the center of the visual field (the macula) resulting from damage to the retina and resulting in blurring of the sharp central vision.'),(17,'alcohol dependence',4,2,444,'alcohol dependence | alcoholism',0.896838,NULL),(18,'allergic rhinitis',15,5,107,'Allergic rhinitis due to pollen | Allergic rhinitis due to pollen (disorder) | Allergy to pollen (disorder) | Hay Fever | Hay fever - pollens | Non-seasonal allergic rhinitis | Perenial allergic rhinitis | Pollinosis | Seasonal allergic rhinitis | Seasonal allergic rhinitis (disorder) | Seasonal allergic rhinitis (disorder) [Ambiguous] | allergic rhinitis | allergic rhinitis due to animal (cat) (dog) hair and dander | allergic rhinitis due to food | atopic rhinitis | hay fever | pollenosis | seasonal allergic rhinitis',0.986737,'A rhinitis that is an allergic inflammation and irritation of the nasal airways involving sneezing, runny nose, nasal congestion, itching and tearing of the eyes caused by exposure to an allergen such as pollen, dust, mold, animal dander and droppings of cockroaches or house dust mites.'),(19,'alopecia areata',1,0,531,'Circumscribed alopecia | alopecia areata',0.686402,'A hypersensitivity reaction type II disease resulting in the loss of hair on the scalp and elsewhere on the body initially causing bald spots.'),(20,'amyotrophic lateral sclerosis',1,1,639,'ALS | Lou Gehrig\'s disease | amyotrophic lateral sclerosis | motor neuron disease, bulbar',0.696812,'A motor neuron disease that is characterized by muscle spasticity, rapidly progressive weakness due to muscle atrophy, difficulty in speaking, swallowing, and breathing.'),(21,'anemia',0,0,367,'anaemia | anemia',NULL,'A hematopoietic system disease that is characterized by a decrease in the normal number of red blood cells.'),(22,'ankylosing spondylitis',8,7,265,'Bekhterev syndrome | Bekhterev\'s disease | Marie-Strumpell disease | ankylosing spondylitis',0.991013,'A bone inflammation disease that results_in inflammation in the joints of the spine and pelvis. The disease has_symptom pain, has_symptom stiffness in the spine, has_symptom stiffness in the neck, has_symptom stiffness in the hips, has_symptom stiffness in the jaw and has_symptom stiffness in the rib cage.'),(23,'appendix cancer',0,0,29,'appendix cancer | cancer of the appendix | malignant neoplasm of appendix vermiformis | malignant tumor of appendix (disorder) | malignant tumor of the appendix',NULL,'A intestinal cancer that is located_in the appendix.'),(24,'asthma',37,3,318,'Exercise induced asthma | asthma | bronchial hyperreactivity | chronic obstructive asthma | chronic obstructive asthma with acute exacerbation | chronic obstructive asthma with status asthmaticus | exercise-induced asthma',0.972829,'A bronchial disease that is characterized by chronic inflammation and narrowing of the airways, which is caused by a combination of environmental and genetic factors. The disease has_symptom recurring periods of wheezing (a whistling sound while breathing), has_symptom chest tightness, has_symptom shortness of breath, has_symptom mucus production and has_symptom coughing. The symptoms appear due to a variety of triggers such as allergens, irritants, respiratory infections, weather changes, exercise, stress, reflux disease, medications, foods and emotional anxiety.'),(25,'atherosclerosis',6,0,225,'atherosclerosis',0.994778,NULL),(26,'atopic dermatitis',16,2,127,'Allergic (intrinsic) eczema (disorder) | Atopic dermatitis | Atopic dermatitis (disorder) | Atopic dermatitis NOS (disorder) | Atopic neurodermatitis (disorder) | Besnier\'s prurigo | Besnier\'s prurigo (disorder) | allergic dermatitis | atopic dermatitis | atopic eczema',0.991541,'A dermatitis that is a chronically relapsing inflammatory allergic response located_in the skin that causes itching and flaking.'),(27,'attention deficit hyperactivity disorder',0,14,110,'ADHD | attention deficit disorder | attention deficit hyperactivity disorder | hyperkinetic disorder',NULL,'A specific developmental disorder that is characterized by co-existence of attentional problems and hyperactivity, with each behavior occurring infrequently alone\\'),(28,'autistic disorder',0,8,331,'Kanner\'s syndrome | autism | autistic disorder | autistic disorder of childhood onset | childhood autism | infantile autism',NULL,'An autism spectrum disorder that is characterized by symptoms across all three symptom domains (communication, social, restricted repetitive interests and behaviors), delayed language development, and symptom onset prior to age 3 years.'),(29,'azoospermia',1,0,545,'azoospermia | spermatogenic failure',0.238777,'A male infertility disease characterized by the absence of any measurable level of sperm in semen.'),(30,'bile duct cancer',0,0,71,'Ca extrahepatic bile ducts | bile duct cancer | bile duct tumor | malignant neoplasm of the extrahepatic bile duct',NULL,'A biliary tract cancer that is located_in the bile duct.'),(31,'bipolar disorder',0,20,187,'Depressive-manic psych. | Manic Bipolar Affective disorder | Manic Depressive disorder | Manic bipolar I disorder | bipolar depression | bipolar disorder | bipolar disorder manic phase | manic depression | manic disorder | mixed bipolar disorder',NULL,'A mood disorder that involves alternating periods of mania and depression.'),(32,'bone cancer',5,0,261,'CA - bone cancer | bone cancer | bone neoplasm | bone tumor (morphologic abnormality) | bone tumour | malignant bone neoplasm | malignant bone tumour | malignant neoplasm of bone, NOS | malignant osseous tumor | neoplasm of bone (disorder) | osseous tumor',0.997913,'A connective tissue cancer that is located_in bone and is characterized by uncontrolled cellular proliferation that destroys normal bone tissue.'),(33,'brain cancer',7,4,284,'BT - Brain tumour | adult brain tumor | adult malignant brain neoplasm | brain cancer | brain neoplasm | brain neoplasm, adult | malignant brain tumour | malignant primary brain neoplasm | malignant primary brain tumor | malignant tumor of Brain | malignant tumor of adult brain | neoplasm of brain (disorder) | neoplasm of unspecified nature of brain | neoplasm of unspecified nature of brain (disorder) | primary brain neoplasm | primary brain tumor | primary malignant neoplasm of brain (disorder) | tumor of the Brain',0.925166,'A central nervous system cancer that is characterized by the growth of abnormal cells in the tissues of the brain.'),(34,'breast cancer',29,14,1159,'breast cancer | breast tumor | malignant neoplasm of breast | malignant tumor of the breast | mammary cancer | mammary neoplasm | mammary tumor | primary breast cancer',0.942026,'A thoracic cancer that originates in the mammary gland.'),(35,'celiac disease',0,0,96,'celiac disease | celiac sprue | coeliac disease | idiopathic steatorrhea',NULL,'An autoimmune disease of gastrointestinal tract that is caused by a reaction located_in small intestine to gliadin, a prolamin (gluten protein) found in wheat, and similar proteins found in the crops of the tribe Triticeae. The disease is associated with HLA-DQ gene. It has_symptom abdominal pain, has_symptom constipation, has_symptom diarrhea, has_symptom nausea and vomiting, and has_symptom loss of appetite.'),(36,'cervical cancer',1,0,90,'cervical cancer | cervical neoplasm | cervix cancer | cervix uteri cancer | neoplasm of uterine cervix (disorder) | tumor of the Cervix Uteri | uterine cervical neoplasm',0.704619,'A female reproductive organ cancer that is located_in the cervix.'),(37,'chronic kidney failure',0,10,231,'CRF | chronic kidney failure | chronic renal disease | chronic renal failure syndrome (disorder) | renal failure - chronic',NULL,NULL),(38,'chronic obstructive pulmonary disease',9,6,635,'CHRONIC OBSTRUCTIVE pulmonary DISEASE | COLD (chronic obstructive lung disease) | COPD | COPD NOS | Dops | chronic airway obstruction, NEC in ICD9CM_2006 | chronic airway obstruction, not elsewhere classified | chronic obstructive airway disease | chronic obstructive airways disease NOS | chronic obstructive airways disease NOS (disorder) | chronic obstructive lung disease | chronic obstructive lung disease (disorder) | chronic obstructive lung disease [Ambiguous] | chronic obstructive pulmonary disease | chronic obstructive pulmonary disease and allied conditions | chronic obstructive pulmonary disease finding',0.976673,NULL),(39,'cleft lip',0,0,117,'Labium leporinum | cheiloschisis | cleft lip | cleft lip, unilateral, complete | complete unilateral cleft lip | hare lip',NULL,NULL),(40,'colon cancer',5,4,633,'colon cancer',0.835616,'A colorectal cancer that is located_in the colon.'),(41,'conduct disorder',0,3,33,'conduct disorder',NULL,'A specific developmental disorder marked by a pattern of repetitive behavior wherein the rights of others or social norms are violated.'),(42,'coronary artery disease',28,10,635,'CHD (coronary heart disease) | Coronary disease | chronic myocardial ischaemia | coronary arteriosclerosis | coronary artery disease | coronary heart disease | ischemic heart disease | myocardial ischemia',0.970199,'An artery disease that is characterized by plaque building up along the inner walls of the arteries of the heart resulting in a narrowing of the arteries and a reduced blood supply to the cardiac muscles.'),(43,'degenerative disc disease',0,0,28,'cervical disc degenerative disease | degenerative disc disease | intervertebral disc degeneration | lumbar disc degeneration | vertebral disc disease',NULL,'A bone deterioration disease that has_material_basis_in gradual dehydration and tears located_in intervertebral disc.'),(44,'dental caries',0,0,44,'Dental caries extending into pulp | Dental caries of smooth surface | Dental caries pit and fissure | dental caries',NULL,NULL),(45,'dilated cardiomyopathy',3,2,118,'Congestive cardiomyopathy | Familial dilated cardiomyopathy | Idiopathic dilation cardiomyopathy | dilated cardiomyopathy | primary dilated cardiomyopathy',0.841911,'An intrinsic cardiomyopathy that results in damage to the myocardium causing the heart to pump blood inefficiently and characterized by an enlarged heart.'),(46,'duodenum cancer',0,0,49,'Duodenal cancer | cancer of duodenum | duodenal neoplasm | duodenum cancer',NULL,'A small intestine cancer that is located_in the beginning section of the small intestine.'),(47,'endogenous depression',0,15,133,'clinical depression | endogenous depression | unipolar depression',NULL,'A mental depression that is characterized by a dysregulation of the endogenous opioid system and not of the monaminergic system.'),(48,'epilepsy syndrome',25,0,531,'epilepsy | epilepsy syndrome | epileptic syndrome',0.978586,'A brain disease that is characterized by the occurrance of at least two unprovoked seizures resulting from a persistent epileptogenic abnormality of the brain that is able to spontaneously generate paroxysmal activity and typically manifested by sudden brief episodes of altered or diminished consciousness, involuntary movements, or convulsions.'),(49,'esophageal cancer',4,3,236,'Ca lower third oesophagus | Ca middle third oesophagus | esophageal cancer | esophagus cancer | malignant neoplasm of distal third of esophagus | malignant neoplasm of lower third of oesophagus | malignant neoplasm of middle third of oesophagus | malignant neoplasm of proximal third of esophagus | malignant neoplasm of upper third esophagus | malignant tumor of Distal Third of esophagus | malignant tumor of Proximal Third of esophagus | malignant tumor of abdominal esophagus | malignant tumor of the middle Third of the esophagus',0.993644,'A gastrointestinal system cancer that is located_in the esophagus.'),(50,'fallopian tube cancer',0,0,29,'fallopian tube cancer | fallopian tube neoplasm | malignant neoplasm of uterine tube | malignant tumor of fallopian tube (disorder) | malignant tumour of fallopian tube | neoplasm of fallopian tube (disorder) | tumor of the fallopian tube | tumor, fallopian tube, malignant',NULL,'A female reproductive organ cancer that is located_in fallopian tube.'),(51,'focal segmental glomerulosclerosis',1,0,61,'FGS (focal glomerular sclerosis) | FSGS | focal glomerular sclerosis | focal glomerulosclerosis | focal segmental glomerulosclerosis',0.950553,NULL),(52,'gallbladder cancer',0,0,46,'gallbladder Ca | gallbladder cancer | gallbladder neoplasm | localized malignant gallbladder neoplasm | malignant neoplasm of gallbladder | malignant tumor of the gallbladder | malignant tumour of gallbladder | tumor of the gallbladder',NULL,'A biliary tract cancer that is located_in the gallbladder.'),(53,'germ cell cancer',7,0,337,'germ cell cancer | germ cell neoplasm | germ cell tumour | malignant tumor of the germ cell',0.959877,'A cell type cancer that has_material_basis_in abnormally proliferating cells derived_from germ cells.'),(54,'gestational diabetes',1,0,47,'GDM | Gestational diabetes mellitus | Maternal gestational diabetes mellitus | gestational diabetes',0.899154,NULL),(55,'glaucoma',21,2,203,'glaucoma',0.963116,NULL),(56,'gout',9,1,55,'Articular gout (disorder) | Gouty arthropathy | gout | gouty arthritis',0.939903,'An arthritis that has_material_basis_in uric acid crystal deposits located_in joint.'),(57,'head and neck cancer',4,1,249,'head and neck cancer | head and neck neoplasm | head and neck tumours | head/neck neoplasm | tumor of head and neck (disorder)',0.893416,'An organ system cancer that arises in the head or neck region. This region includes the nasal cavity, sinuses, lips, mouth, salivary glands, throat, or larynx.'),(58,'hematologic cancer',51,2,1129,'Hematologic malignancy | Hematologic malignancy (disorder) | Hematologic neoplasm (disorder) | Hematological tumors | blood cancer | hematologic cancer | hematopoietic and lymphoid system tumor | hematopoietic cancer | hematopoietic neoplasm (morphologic abnormality) | hematopoietic tumors | malignant hematopoietic neoplasm (morphologic abnormality)',0.961932,'An immune system cancer located_in the hematological system that is characterized by uncontrolled cellular proliferation in blood, bone marrow and lymph nodes.'),(59,'hepatitis B',4,0,101,'Serum hepatitis | chronic hepatitis B | hepatitis B | hepatitis B infection',0.961375,'A viral infectious disease that results_in inflammation located_in liver, has_material_basis_in Hepatitis B virus, which is transmitted_by sexual contact, transmitted_by blood transfusions, and transmitted_by fomites like needles or syringes. The infection has_symptom fever, has_symptom fatigue, has_symptom loss of appetite, has_symptom nausea, has_symptom vomiting, has_symptom abdominal pain, has_symptom clay-colored bowel movements, has_symptom joint pain, and has_symptom jaundice.'),(60,'hypertension',68,2,772,'HTN | High blood pressure (& [essential hypertension]) | hyperpiesia | hypertension | hypertensive disease | vascular hypertensive disorder',0.957443,NULL),(61,'hypothyroidism',4,0,109,'Thyroid deficiency | Thyroid insufficiency | hypothyroidism',1,'A thyroid gland disease which involves an underproduction of thyroid hormone.'),(62,'idiopathic pulmonary fibrosis',0,1,533,'FIBROCYSTIC PULMONARY DYSPLASIA | IDIOPATHIC PULMONARY FIBROSIS, FAMILIAL | cryptogenic fibrosing alveolitis | idiopathic pulmonary fibrosis',NULL,'An idiopathic interstitial pneumonia which is a distinctive type of chronic fibrosing interstitial pneumonia with thick scarring in the lung creating a honeycomb appearance. The main symptoms start insidiously as shortness of breath on exertion, cough, and diminished stamina. Other common complaints include weight loss and fatigue. The level of oxygen in the blood decreases, and the skin may take on a bluish tinge (called cyanosis) and the ends of the fingers may become thick or club-shape. In most people, symptoms worsen over a period ranging from about 6 months to several years.'),(63,'ileum cancer',0,0,33,'ileal neoplasm | ileum cancer | malignant neoplasm of ileum',NULL,'A small intestine cancer that is located_in the ileum.'),(64,'intracranial aneurysm',0,0,124,'brain aneurysm | intracranial aneurysm',NULL,NULL),(65,'jejunal cancer',0,0,32,'jejunal cancer | malignant neoplasm of jejunum | malignant tumor of jejunum (disorder)',NULL,NULL),(66,'kidney cancer',13,6,798,'kidney cancer | malignant neoplasm of kidney except pelvis | malignant tumour of kidney | renal cancer',0.981337,'A urinary system cancer that is located_in the kidney.'),(67,'larynx cancer',0,0,42,'larynx cancer',NULL,'A respiratory system cancer that is located_in the larynx.'),(68,'leprosy',3,0,87,'leprosy',0.772856,'A primary bacterial infectious disease that results_in infection located_in superficial peripheral nerves, located_in skin, located_in mucous membranes of the upper respiratory tract, located_in anterior chamber of the eyes, or located_in testes, has_material_basis_in Mycobacterium leprae, which is transmitted_by aerosol spread from infected nasal secretions to exposed nasal and oral mucosa. The infection has_symptom skin lesions, has_symptom sensory loss, has_symptom motor loss and has_symptom eye damage.'),(69,'liver cancer',3,0,246,'Ca liver - primary (disorder) | Resectable malignant neoplasm of Liver | ca liver - primary | hepatic cancer | hepatic neoplasm | liver cancer | malignant hepato-biliary neoplasm | malignant neoplasm of liver | malignant neoplasm of liver (disorder) | malignant neoplasm of liver unspecified (disorder) | malignant neoplasm of liver, not specified as primary or secondary | malignant neoplasm of liver, primary | malignant tumor of liver (disorder) | neoplasm of liver (disorder) | non-resectable primary hepatic malignant neoplasm | primary liver cancer | primary malignant neoplasm of Liver | primary malignant neoplasm of liver | primary malignant neoplasm of liver (disorder) | primary malignant neoplasm of liver NOS (disorder) | resectable malignant neoplasm of the liver',0.996743,'A gastrointestinal system cancer that is located_in the liver.'),(70,'lung cancer',16,1,736,'lung cancer | lung neoplasm',0.989693,'A respiratory system cancer that is located_in the lung.'),(71,'lymphatic system cancer',9,0,18,'lymphatic system cancer',0.92893,'An immune system cancer that is located_in the lymphatic system and is characterized by uncontrolled cellular proliferation of lymphoid tissue.'),(72,'malaria',11,0,600,'induced malaria | malaria',0.855629,'A parasitic protozoa infectious disease characterized as a vector-borne infectious disease caused by the presence of protozoan parasites of the genus Plasmodium in the red blood cells, transmitted from an infected to an uninfected individual by the bite of anopheline mosquitoes, and characterized by periodic attacks of chills and fever that coincide with mass destruction of blood cells and the release of toxic substances by the parasite at the end of each reproductive cycle.'),(73,'malignant glioma',2,0,298,'Gliomas (morphologic abnormality) | Neuroglial tumor | glial cell tumor | glioma | glioma (morphologic abnormality) | glioma NOS | glioma NOS (morphologic abnormality) | glioma, NOS | glioma, malignant | glioma, malignant, no ICD-O subtype | malignant Neuroglial tumor | malignant glioma | malignant glioma (morphologic abnormality) | malignant glioma - category',0.995443,'A cell type cancer that has_material_basis_in glial cells and is located_in brain or located_in spine.'),(74,'malignant mesothelioma',0,0,45,'Diffuse malignant Mesothelioma | advanced malignant mesothelioma | asbestos-related malignant mesothelioma | malignant mesothelioma | malignant tumor of Mesothelium',NULL,'A cell type cancer that has_material_basis_in mesothelial tissue.'),(75,'mediastinal cancer',0,0,69,'Tumour of mediastinum | mediastinal cancer | mediastinal tumor | mediastinum cancer | neoplasm of mediastinum (disorder)',NULL,'A thoracic cancer that is located_in the mediastinum.'),(76,'melanoma',7,0,944,'Naevocarcinoma | malignant melanoma | melanoma',0.978632,'A cell type cancer that has_material_basis_in abnormally proliferating cells derived_from melanocytes which are found in skin, the bowel and the eye.'),(77,'membranous glomerulonephritis',0,0,41,'Membranous Glomerulonephritis | Membranous glomerulonephritis | Membranous glomerulonephritis (disorder) | Membranous nephropathy NOS | membranous glomerulonephritis | membranous nephropathy',NULL,NULL),(78,'meningioma',0,0,151,'intracranial meningioma | meningeal neoplasm | meningioma | meningothelial cell tumor | neoplasm of the meninges | primary Meningeal tumor | supratentorial meningioma',NULL,'A central nervous system cancer that are manifested in the central nervous system and arise from the arachnoid \\'),(79,'metabolic syndrome X',1,0,135,'ABDOMINAL OBESITY-METABOLIC SYNDROME | Dysmetabolic syndrome X | Metabolic syndrome X | Metabolic syndrome X (disorder) | dysmetabolic syndrome X | metabolic syndrome | metabolic syndrome X',0.992193,NULL),(80,'middle ear cancer',0,0,1,'middle ear cancer | neoplasm of middle ear (disorder) | tumor of the middle ear',NULL,'An auditory system cancer that is located_in the middle ear.'),(81,'migraine',7,24,199,'migraine | migraine disorder | migraine variant | migraine with or without aura',0.945041,'A brain disease that is characterized by moderate to severe headaches, nausea, extreme sensitivity to light and sound and intense unilaterial throbbing or pulsing.'),(82,'multiple sclerosis',11,22,317,'Generalized multiple sclerosis (disorder) | insular sclerosis | multiple sclerosis',0.863071,'A demyelinating disease that involves damage to the fatty myelin sheaths around the axons of the brain and spinal cord resulting in demyelination and scarring.'),(83,'muscle cancer',6,0,137,'Myosarcoma (morphologic abnormality) | malignant neoplasm of muscle, NOS | malignant tumor of muscle (disorder) | malignant tumor of the Muscle | muscle cancer | myosarcoma',0.975631,'A musculoskeletal system cancer that is located_in muscle.'),(84,'narcolepsy',0,5,69,'Narcolepsy, without cataplexy | narcolepsy | paroxysmal sleep',NULL,'A sleep disorder that involves an excessive urge to sleep at inappropriate times, such as while at work.'),(85,'nasal cavity cancer',0,0,4,'malignant neoplasm of nasal cavities | malignant tumor of the nasal cavity | nasal cavity cancer',NULL,'A respiratory system cancer that is located_in the nasal cavity.'),(86,'nephrolithiasis',1,0,61,'NEPHROLITHIASIS, CALCIUM OXALATE | Stone - kidney/ureter | UROLITHIASIS, CALCIUM OXALATE | calculus of kidney and ureter (disorder) | kidney stones | nephrolithiasis',0.240729,NULL),(87,'nicotine dependence',1,1,540,'nicotine dependence | tobacco use disorder',0.985036,NULL),(88,'obesity',11,0,558,'obesity',0.915521,NULL),(89,'ocular cancer',2,0,139,'Ocular tumor | eye neoplasm | malignant eye neoplasm | neoplasm of eye (disorder) | neoplasm of eye proper | ocular cancer',0.995117,'A sensory system cancer located_in the eye that is characterized by uncontrolled cellular proliferation in the eye.'),(90,'osteoarthritis',0,25,153,'Osteoarthrosis and allied disorder | degenerative arthritis | degenerative joint disease | hypertrophic arthritis | osteoarthritis | osteoarthrosis',NULL,'An arthritis that has_material_basis_in worn out cartilage located_in joint.'),(91,'osteoporosis',15,1,164,'osteoporosis',0.992646,'A bone resorption disease that has_material_basis_in a drop in estrogen or testosterone which results_in the thinning of bone tissue and loss of bone mineral density.'),(92,'otosclerosis',0,0,59,'otosclerosis',NULL,'A labyrinthine disease characterized by an abnormal bone growth in the middle ear.'),(93,'ovarian cancer',10,0,393,'malignant Ovarian tumor | malignant tumour of ovary | ovarian cancer | ovarian neoplasm | ovary neoplasm | primary ovarian cancer | tumor of the Ovary',0.989398,'A female reproductive organ cancer that is located_in the ovary.'),(94,'pancreatic cancer',10,1,716,'Ca body of pancreas | Ca head of pancreas | Ca tail of pancreas | malignant neoplasm of body of pancreas | malignant neoplasm of head of pancreas | malignant neoplasm of tail of pancreas | pancreas neoplasm | pancreatic cancer | pancreatic neoplasm | pancreatic tumor',0.911387,'An endocrine gland cancer located_in the pancreas.'),(95,'pancreatitis',2,1,158,'pancreatitis',0.919271,NULL),(96,'panic disorder',0,18,70,'panic anxiety syndrome | panic disorder',NULL,'An anxiety disorder that is characterized by unexpected and repeated episodes of intense fear accompanied by physical symptoms that may include chest pain, heart palpitations, shortness of breath, dizziness, or abdominal distress.'),(97,'penile cancer',0,0,29,'Ca penis | Ca penis (disorder) | Penile Ca | malignant Penile tumor | malignant neoplasm of body of penis | malignant neoplasm of penis, part unspecified | malignant neoplasm of penis, part unspecified (disorder) | malignant tumor of body of penis (disorder) | malignant tumor of penis (disorder) | penile cancer | penile neoplasm',NULL,NULL),(98,'periodontitis',0,0,169,'chronic pericementitis | periodontitis',NULL,NULL),(99,'peripheral nervous system neoplasm',12,0,230,'neoplasm of peripheral nerve (disorder) | nerve sheath neoplasm | nerve sheath tumors | peripheral nervous system neoplasm | tumor of PNS',0.978429,'A nervous system cancer that is located_in the peripheral nervous system.'),(100,'peritoneum cancer',0,0,55,'cancer of peritoneum | peritoneal neoplasm | peritoneum cancer',NULL,'An organ system cancer that is located in the peritoneum.'),(101,'pharynx cancer',0,0,126,'pharyngeal cancer | pharyngeal neoplasm | pharynx cancer | pharynx neoplasm',NULL,'A gastrointestinal system cancer that is located_in the pharynx.'),(102,'polycystic ovary syndrome',1,5,743,'Multicystic ovaries | PCOS | Polycystic Ovarian disease | Polycystic ovaries | Polycystic ovaries (disorder) | Polycystic ovary syndrome | Stein-Leventhal synd. | Stein-Leventhal syndrome | polycystic ovary | polycystic ovary syndrome',0.998048,NULL),(103,'primary biliary cirrhosis',3,0,108,'biliary liver cirrhosis | cholestatic cirrhosis | chronic nonsuppurative destructive cholangitis | primary biliary cirrhosis',0.975896,'A liver cirrhosis characterized by chronic and slow progressive destruction of intrahepatic bile ducts.'),(104,'prostate cancer',21,9,692,'NGP - new growth of prostate | hereditary prostate cancer | malignant tumor of the prostate | prostate cancer | prostate cancer, familial | prostate neoplasm | prostatic cancer | prostatic neoplasm | tumor of the prostate',0.922623,'A male reproductive organ cancer that is located_in the prostate.'),(105,'psoriasis',21,4,676,'psoriasis',0.970305,NULL),(106,'psoriatic arthritis',8,0,573,'arthritis psoriatica | arthropathic psoriasis | psoriatic arthritis | psoriatic arthropathy',0.990931,'A syndrome that occurs in humans with psoriasis who also experience symptoms similar to arthritis.'),(107,'rectum cancer',0,0,75,'cancer of rectum | carcinoma of rectum | carcinoma of the rectum | malignant Rectal tumor | malignant neoplasm of rectum | malignant rectum tumor | malignant tumor of rectum (disorder) | rectal cancer | rectum cancer',NULL,'A colorectal cancer that is located_in the rectum.'),(108,'refractive error',0,0,156,'disorder of refraction | eye refraction disorder | refractive error',NULL,NULL),(109,'restless legs syndrome',0,10,65,'WED | Willis-Ekbom disease | Wittmaack-Ekbom syndrome | restless legs syndrome',NULL,'A central nervous system disease characterized by throbbing, pulling creeping or other unpleasant sensations in the legs and the irresistible urge to move them.'),(110,'retroperitoneal cancer',0,0,64,'malignant neoplasm of retroperitoneum | malignant neoplasm of retroperitoneum and peritoneum | malignant neoplasm of retroperitoneum and peritoneum NOS (disorder) | malignant retroperitoneal cancer | malignant tumor of peritoneum and retroperitoneum | malignant tumor of peritoneum and retroperitoneum (disorder) | neoplasm of retroperitoneum | neoplasm of the retroperitoneum | retroperitoneal cancer | retroperitoneal neoplasm | tumor of retroperitoneum (disorder)',NULL,'An organ system cancer located_in the retroperitoneal space that is manifested in retroperitoneal space in the abdominal cavity behind the peritoneum.'),(111,'rheumatoid arthritis',15,16,906,'Arthritis or polyarthritis, rheumatic | atrophic Arthritis | rheumatoid arthritis',0.928124,'An arthritis that is an autoimmune disease which attacks healthy cells and tissue located_in joint.'),(112,'salivary gland cancer',0,0,175,'malignant neoplasm of major salivary gland | malignant neoplasm of salivary gland | malignant neoplasm of salivary gland duct | malignant tumor of the Major Salivary gland | malignant tumor of the Salivary gland | salivary gland cancer',NULL,'An oral cavity cancer that is located_in the salivary gland.'),(113,'sarcoma',8,0,244,'connective and soft tissue neoplasm | sarcoma | tumor of soft tissue and skeleton',0.983007,'A cell type cancer that has_material_basis_in abnormally proliferating cells derived_from embryonic mesoderm.'),(114,'schizophrenia',0,30,844,'schizophrenia | schizophrenia-1',NULL,'A psychotic disorder that is characterized by a disintegration of thought processes and of emotional responsiveness.'),(115,'sclerosing cholangitis',0,0,42,'Sclerosing cholangitis | Sclerosing cholangitis (disorder) | Sclerosing cholangitis unspecified (disorder) | fibrosing cholangitis | sclerosing cholangitis',NULL,NULL),(116,'skin cancer',9,0,173,'CA - skin cancer | cancer of skin | malignant neoplasm of skin | melanoma and Non-melanoma skin cancer | skin cancer',0.981179,'An integumentary system cancer located_in the skin that is the uncontrolled growth of abnormal skin cells.'),(117,'spinal cancer',0,0,70,'Intraspinal tumor | malignant tumor of the Spinal Cord | spinal cancer | spinal cord cancer | spinal cord neoplasm | spinal neoplasm | tumor of the Spinal Cord',NULL,'A central nervous system cancer that is located_in the spinal cord. It is mostly formed from metastases from primary cancers elsewhere (commonly breast, prostate, and lung cancer).'),(118,'stomach cancer',9,0,380,'Ca body - stomach | Ca lesser curvature - stomach (disorder) | ca greater curvature of stomach | gastric neoplasm | malignant neoplasm of body of stomach | malignant neoplasm of lesser curve of stomach unspecified (disorder) | malignant tumor of body of stomach (disorder) | malignant tumor of greater curve of stomach (disorder) | malignant tumor of lesser curve of stomach (disorder) | stomach cancer',0.951166,'A gastrointestinal system cancer that is located_in the stomach.'),(119,'systemic lupus erythematosus',13,7,255,'Lupus Erythematosus, systemic | SLE - Lupus Erythematosus, systemic | disseminated lupus erythematosus | systemic lupus erythematosus',0.955712,'A lupus erythematosus that is an inflammation of connective tissue marked by skin rashes, joint pain and swelling, inflammation of the kidneys and inflammation of the tissue surrounding the heart.'),(120,'systemic scleroderma',10,15,646,'PSS (progressive systemic sclerosis) | Scleroderma | Scleroderma (& [systemic sclerosis]) | Scleroderma syndrome | progressive systemic sclerosis | systemic scleroderma | systemic sclerosis',0.90517,'A scleroderma that is characterized by fibrosis (or hardening) of the skin and major organs, as well as vascular alterations, and autoantibodies.'),(121,'testicular cancer',11,0,84,'neoplasm of testis (disorder) | testicular cancer | testicular tumor | testicular tumor (disorder) | testis cancer | testis neoplasm',0.985295,'A male reproductive system cancer that is located_in the testicles.'),(122,'thoracic aortic aneurysm',0,0,62,'thoracic aortic aneurysm',NULL,'An aortic aneurysm that is located_in the thoracic aorta.'),(123,'thymus cancer',1,0,67,'Thymic tumor | neoplasm of thymus (disorder) | thymic neoplasm | thymus cancer',0.333116,'An immune system cancer located_in the thymus.'),(124,'thyroid cancer',4,0,105,'Thyroid gland neoplasm | malignant neoplasm of thyroid gland | malignant tumour of thyroid gland | neoplasm of thyroid gland | thyroid cancer | thyroid neoplasm',0.976858,'An endocrine gland cancer located_in the thryoid gland located in the neck below the thyroid cartilage.'),(125,'tracheal cancer',0,0,29,'Ca trachea | malignant Tracheal tumor | malignant neoplasm of trachea | malignant tumor of trachea (disorder) | tracheal cancer | tracheal neoplasm',NULL,'A respiratory system cancer that is located_in the trachea.'),(126,'type 1 diabetes mellitus',1,2,214,'IDDM | insulin-dependent diabetes mellitus | type 1 diabetes mellitus | type I diabetes mellitus',0.97918,'A diabetes mellitus that results from the body\'s failure to produce insulin and has_material_basis_in autoimmune destruction of insulin-producing beta cells of the pancreas.'),(127,'type 2 diabetes mellitus',22,0,358,'NIDDM | non-insulin-dependent diabetes mellitus | type 2 diabetes mellitus | type II diabetes mellitus',0.972865,'A diabetes mellitus that involves high blood glucose resulting from cells fail to use insulin properly.'),(128,'ulcerative colitis',16,0,690,'Left-sided ulcerative colitis | ulcerative colitis',0.963165,'A colitis that is predominantly confined to the mucosa located_in colon and includes characteristic ulcers, or open sores.'),(129,'ureter cancer',0,0,23,'malignant tumour of ureter | malignant ureteral tumor | ureter cancer',NULL,'A urinary system cancer that is located_in the ureter.'),(130,'urinary bladder cancer',11,0,187,'bladder cancer | tumor of the bladder | urinary bladder cancer',0.990653,'An urinary system cancer that results_in malignant growth located_in the urinary bladder.'),(131,'uterine cancer',7,0,159,'CA - cancer of uterus | Ca uterus NOS | Tumour of uterus | malignant neoplasm of uterus (disorder) | malignant uterine tumor | neoplasm of uterus (disorder) | uterine cancer | uterine tumor | uterus neoplasm',0.983018,'A female reproductive organ cancer that is located_in the uterus.'),(132,'uterine fibroid',0,0,470,'Plexiform leiomyoma | UTERUS FIBROMA | leiomyoma of Corpus Uteri | uterine fibroid | uterine leiomyoma',NULL,'A uterine benign neoplasm derived from the smooth muscle layer of the uterus.'),(133,'vaginal cancer',0,0,39,'malignant neoplasm of vagina | malignant tumor of vagina (disorder) | malignant vaginal tumor | neoplasm of vagina (disorder) | vagina neoplasm | vaginal cancer | vaginal tumor',NULL,'A female reproductive system cancer that is located_in the vagina.'),(134,'vascular cancer',0,0,70,'Blood Vessel neoplasm | Blood vessel tumor (morphologic abnormality) | Blood vessel tumors (morphologic abnormality) | Blood vessel tumour disorder | Haemangiomatous tumour | blood vessel neoplasm | leiomyosarcoma of the renal Vein | malignant great vessel tumor | malignant tumor of pulmonary Vein | malignant tumor of pulmonary artery | malignant vascular neoplasm | malignant vascular tumor | neoplasm of great vessel | pulmonary artery malignant neoplasm | pulmonary vein malignant neoplasm | renal vein leiomyosarcoma | vascular cancer | vascular tissue neoplasm | vascular tumors',NULL,'A cardiovascular cancer that is located_in blood vessels.'),(135,'vitiligo',1,1,73,'vitiligo',0.984385,'A hypersensitivity reaction type II disease that causes depigmentation of patches of skin resulting from loss of function or death of melanoctyes.'),(136,'vulva cancer',0,0,41,'Ca vulva | Vulvar tumor | malignant Vulvar tumor | malignant neoplasm of vulva unspecified | malignant neoplasm of vulva unspecified (disorder) | malignant neoplasm of vulva, NOS | malignant neoplasm of vulva, unspecified | malignant tumor of vulva (disorder) | neoplasm of vulva (disorder) | vulva cancer | vulval cancer | vulval neoplasm | vulvar neoplasm',NULL,NULL);
/*!40000 ALTER TABLE `diseases` ENABLE KEYS */;
UNLOCK TABLES;

--
-- Table structure for table `doctors`
--

DROP TABLE IF EXISTS `doctors`;
/*!40101 SET @saved_cs_client     = @@character_set_client */;
/*!40101 SET character_set_client = utf8 */;
CREATE TABLE `doctors` (
  `id` int(10) NOT NULL AUTO_INCREMENT,
  `hospital_id` int(10) DEFAULT NULL,
  `name` varchar(255) DEFAULT NULL,
  `email` varchar(255) DEFAULT NULL,
  `phone` varchar(255) DEFAULT NULL,
  PRIMARY KEY (`id`)
) ENGINE=InnoDB AUTO_INCREMENT=89 DEFAULT CHARSET=utf8;
/*!40101 SET character_set_client = @saved_cs_client */;

--
-- Dumping data for table `doctors`
--

LOCK TABLES `doctors` WRITE;
/*!40000 ALTER TABLE `doctors` DISABLE KEYS */;
INSERT INTO `doctors` VALUES (1,1,'А.К.Шадманов ','minzdrav@med.ru','241-16-91'),(2,2,'А.Қаюмов','a.qayumov@gmail.com','267-12-19'),(3,3,'Х.Габидуллин','kh.gabidullin@mail.ru','267-47-03'),(4,4,'Khamidulla','khamidulla@mamadullaev.uz','268-34-95'),(5,5,'Siyavushkhon Kh','Kholmatov@gmail.com','268-08-19'),(6,6,'З.Муталова','zulkhumor.mutalova@minzdrav.uz   alimdjan.madaliev@minzdrav.uz','267-62-44'),(7,7,'Ахмедова Дилором Илхамовна','dilorom.ahmedova@minzdrav.uz','229-38-73'),(8,8,'Мавлуда Хамзаевна Хайрутдинова','info@gynecology.uzsci.net','263-78-30'),(9,9,'А.Любчич','a.lyubich@mail.ru','260-28-80'),(10,10,'Л.Рахимова','rcrzn@minzdrav.uz','289-71-74'),(11,11,'М. К.Шарипова ','screening.uz@mail.ru','2602846'),(12,12,'А.В.Алимов ','endocrin@uzsci.net','262-27-02'),(13,13,'Р.Д.Курбанов','cardio@sarkor.com  ,  cardiocenter@mail.ru','237-36-88'),(14,14,'А.Ф.Юсупов','eye-center@inbox.ru','217-49-34'),(15,15,'Икрамов Отабек Исакович','info@rkob.uz','227-14-42'),(16,16,'Кариев Гайрат Маратович гл.врач Д.Б.Миразимов','kariev@bcc.com.uz uzneurosurgery@qmail.com','264-96-30'),(17,17,'Абдухаким Муминович Ходжибаев','abduhakim.muminov@minzdrav.uz','279-34-57'),(18,18,'Тилляшайхов Мирзаголиб Негматович','sarimbekn@list.ru','227-13-27'),(19,19,'Парпиева Наргиза Нусратовна','nationaltbuz@mail.ru','278-04-70'),(20,20,'Г.Узокова','avazbek.jalolov@mail.ru','278-07-30'),(21,21,'Ш.Сагдуллаева','Shahnoza.Sagdullaeva@mail.ru','214-55-06'),(22,22,'Ш.Турсунов','f.akilov@minzdrav.uz','246-61-03'),(23,23,'Буриходжаев Гулом Нумонович','www.narkosentr.uz','150-78-95'),(24,24,'Директор Сайдалиев Сайдимурат Сайдиганиевич','m.madaminov@minzdrav.uz','246-36-84'),(25,25,'Алматов Бахром Ибрагимович','bahrom.almatov@minzdrav.uz','276-59-28'),(26,26,'Шоумаров Санат Бахрамович','sana@gmail.com','215-61-42'),(27,27,'Шухрат Абдурахманович Ботирходжаев','xasan 33001987@mail.ru','246-97-14'),(28,28,'Юлдашев Кахрамон Холдорович','n.atabekov@minzdrav.uz','276-95-23'),(29,29,'Бобир Закирович Абдусаматов','centr.uzb@mail.ru','150-94-90'),(30,30,'Назиров Феруз Гафурович','vakhidov@uzcsi.net','277-26-42'),(31,31,'Искандаров Темур Искандарович','sport-trauma.uz@mail.ru','249-58-45'),(32,32,'Азизов М.Ж ','niito-tashkent@yandex.ru','233-10-30'),(33,33,'Кадиров Ифтихор Муроджанович','eldor306@mail.ru','260-46-45'),(34,34,'Солижон Зарипович Бекчанов','www.zuzu. 2001.uz','71-260-63-30'),(35,35,'Нурмат Сатиниязович Атабеков','r.isamitdinova@minzdrav.uz','243-36-05'),(36,36,'С.Осипова','svetosip7@mail.ru','243-36-05'),(37,37,'Artem ','stitsyuk@gmail.com','998988888998'),(38,38,'Мусабаев Эркин Исакович','virology.Institute@gmail.Com.','224-83-26'),(39,39,'У.Собиров','niidiv@mail.ru','214-50-98'),(40,40,'О.Ибрагимов','rkvkb.@','299-99-79'),(41,41,'К.Муминов','Salohhud@mail.ru','234-55-00'),(42,42,'И.Уринбаев','ibragim.yrinboev@minzdrav.uz','241-54-40'),(43,43,'Усманов Равшан Жахонгирович','gigiena_niisgz@mail.ru','266-69-56'),(44,44,'Туйчиев Лазиз Нодирович','INFOQ1-klinikatma.uz','150-97-00'),(45,45,'Юлдашев Ёркин Каримович','2-kltashmedakad@mail.ru','150-95-00'),(46,46,'Друстамова Дилором Маликовна','3-klinikatma.uz','289-43-43 289-43-44 (90)175-89-16'),(47,47,'Усманова Гулираъно Маллабаевна','tpmi@uzsci.net','262-96-62'),(48,48,'Хусанов Анвар Мирзаакбарович ','olimjan_rkb@mail.ru','233-42-32'),(49,49,'З.Абдурахманова','rkbg.@minzdrav,uz,','289-21-63'),(50,50,'Усманов Улугбек Маратович, ','trkkrksh@minzdrav.uz','248-50-93'),(51,51,'С.Тиловов','Respsih@mail.ru','258-35-12'),(52,52,'Ш.Нурматова','rdpnb@mail.ru','267-73-50'),(53,53,'А.Б.Яркулов','ahror.yrkulov@minzdrav.uz','267-15-23'),(54,54,'Х.Абдуллаева','abdullaeva.kh@minzdrav.uz','268-17-14'),(55,55,'Акилов Хабулла Атауллаевич ','info@tipme.uz','268-17-44'),(56,56,'Enver','info@enver.uz','214-51-23'),(57,57,'Ахмелова Дилором Илхамовна ','mail@tashpmi,uz','260-31-26'),(58,58,'Л.Туйчиев','tta2005@mail.ru','214-83-11'),(59,59,'А.Юнусходжаев','pharm,@bcc,com uz,','256-37-38'),(60,60,'А.Каюмов','alonur.saidov@minzdrav.uz','278-79-35'),(61,61,'Искандаров Алишер Искандарович','javlonbek1974@yahoo.com','250-87-20'),(62,62,'А.Искандаров','rpat-uz@mail.ru','214-50-11'),(63,63,'Yusuf','habibulla.Jalilov@minzdrav.uz','244-48-23'),(64,64,'Файзуллаев Садулла Асадуллаевич ','fauzllaev7177@vfil,ru','277-45-94'),(65,65,'Д.Саидова','gavkhar/abduraupova@minzdrav.uz','9463553'),(66,66,'З.Хаджимухамедов','','264-25-26'),(67,67,'Н.Ниёзметов','Chimgan2014@mail.ru','742-23-134'),(68,68,'Абдуллаев','tub,sanatoriya@mail,ru','943010757'),(69,69,'Tahir Turdiev','tahir.turdiev@minzdrav.uz','224-67-15   0369-2246420'),(70,70,'Махсумова ','makhsumova@mail.ru','233-40-53'),(71,71,'SSgzt','info@ssgzt.uz','233-13-22'),(72,72,'Sihat','sihat@list.ru','268-17-54'),(73,73,'Jasur','j.yunusov@gmail.com','289-44-58'),(74,74,'Aziz','Urinbaev.a@mail.ru','277-26-13'),(75,75,'Усмонхужаев А','usmonkhudjaev@mail.ru','273-47-82'),(76,76,'Болкунова','bolkunova@mail.ru','233-38-22'),(77,77,'Otabek','o.davronbekov@minzdrav.uz','283-77-38'),(78,78,'Бабаджанов А','babadjanov.a@mail.ru','246-24-25'),(79,79,'Алимов ','alimov@gmail.com','960-69-86'),(80,80,'Бахтиёр Файзуллаев','bakhti@mail.ru','289-48-92'),(81,81,'Zayni Bek','zayni-bek@umail.uz','235-45-05'),(82,82,'Каримов Шовкат Ибрагимович','rasul-1981@mail.ru','1509514'),(83,83,'Bekhzod','aliev@gmail.com','264-50-83'),(84,84,'Саидов Аълонур ','saidov@mail.ru','264-23-96'),(85,85,'Alisher','turdibekov@gmail.com','264-14-96'),(86,86,'Назарматов Умарали Эргашевич','inspeksiya-kadr@mail.uz','94-634-23-95'),(87,87,'Қодиров Мурадин Холматович','odamsavdosi2008@mail,ru','71-277-65-83'),(88,88,'Д.Т.Султанов','sultanov@gmail.com','255-32-46');
/*!40000 ALTER TABLE `doctors` ENABLE KEYS */;
UNLOCK TABLES;

--
-- Table structure for table `hospitals`
--

DROP TABLE IF EXISTS `hospitals`;
/*!40101 SET @saved_cs_client     = @@character_set_client */;
/*!40101 SET character_set_client = utf8 */;
CREATE TABLE `hospitals` (
  `id` int(10) NOT NULL AUTO_INCREMENT,
  `name` varchar(255) DEFAULT NULL,
  `address` varchar(255) DEFAULT NULL,
  PRIMARY KEY (`id`)
) ENGINE=InnoDB AUTO_INCREMENT=89 DEFAULT CHARSET=utf8;
/*!40101 SET character_set_client = @saved_cs_client */;

--
-- Dumping data for table `hospitals`
--

LOCK TABLES `hospitals` WRITE;
/*!40000 ALTER TABLE `hospitals` DISABLE KEYS */;
INSERT INTO `hospitals` VALUES (1,'﻿ЎЗБЕКИСТОН РЕСПУБЛИКАСИ СОҒЛИҚНИ САҚЛАШ ВАЗИРЛИГИ ','Шайхонтохур тумани, Навоий кўчаси, 12'),(2,'РЕСПУБЛИКА ТАШҚИ ИҚТИСОДИЙ ФАОЛИЯТИНИ МУВОФИҚЛАШТИРИШ  ДЕПАРТАМЕНТИ','Шайхонтохур тумани, Навоий кўчаси, 13'),(3,'\"РЕСПУБЛИКА  ССВ  \"\"РЕЗЕРВ\"\" БИРЛАШМАСИ\"','Мирзо Улуғбек тумани, Паркент кўчаси, 51'),(4,'РЕСПУБЛИКА  ССВ  ХУСУСИЙЛАШТИРИШ ВА ПУЛЛИК ХИЗМАТНИ ТАШКИЛ ЭТИШ  БЎЛИМИ','Мирзо Улуғбек тумани, Паркент кўчаси, 51'),(5,'\"РЕСПУБЛИКА  ССВ \"\"САЛОМАТЛИК-3\"\"  ЛОЙИХАСИНИ АМАЛГА ОШИРИШ  БЮРОСИ\"','Мирзо Улуғбек тумани, Паркент кўчаси, 51'),(6,'РЕСПУБЛИКА  ССВ  ЖАМИЯТ САЛОМАТЛИГИ ВА СОҒЛИҚНИ САҚЛАШНИ ТАШКИЛ ҚИЛИШ ИЛМИЙ ТАДҚИҚОТ ИНСТИТУТИ ','Мирзо Улуғбек тумани, М.Улуғбек кўчаси, 38'),(7,'РЕСПУБЛИКА   ИХТИСОСЛАШТИРИЛГАН ПЕДИАТРИЯ ИЛМИЙ-АМАЛИЙ ТИББИЁТ МАРКАЗИ  ','Олмазор тумани, 2-Чимбой кўчаси, талант тор 3уй'),(8,'РЕСПУБЛИКА  ИХТИСОСЛАШТИРИЛГАН АКУШЕРЛИК ВА ГИНЕКОЛОГИЯ  ИЛМИЙ-АМАЛИЙ ТИББИЁТ МАРКАЗИ','Мирзо Улуғбек тумани, М.Улуғбек кўчаси, 132-а'),(9,'РЕСПУБЛИКА ПЕРИНАТАЛ МАРКАЗИ ','Юнусобод тумани, Боғишамол кўчаси, 223'),(10,'РЕСПУБЛИКА АҲОЛИ РЕПРОДУКТИВ САЛОМАТЛИК МАРКАЗИ','Яшнаобод тумани, Тараққиёт кўчаси, 103'),(11,'\"РЕСПУБЛИКА  \"\"ОНА ВА БОЛА СКРИНИНГ\"\" МАРКАЗИ\"','Юнусобод тумани, Боғишамол 3-тор кўчаси, 5'),(12,'РЕСПУБЛИКА ИХТИСОСЛАШТИРИЛГАН ЭНДОКРИНОЛОГИЯ ИЛМИЙ-АМАЛИЙ ТИББИЁТ МАРКАЗИ Ё Х Туракулов','Мирзо Улуғбек тумани, М.Улуғбек кўчаси, 56'),(13,'РЕСПУБЛИКА ИХТИСОСЛАШТИРИЛГАН КАРДИОЛОГИЯ ИЛМИЙ-АМАЛИЙ ТИББИЁТ МАРКАЗИ','Мирзо Улуғбек тумани, Осиё кўчаси, 4'),(14,'\"РЕСПУБЛИКА ИХТИСОСЛАШТИРИЛГАН КЎЗ МИКРОХИРУРГИЯСИ МАРКАЗИ \"\"АЖ\"\"  \"','Учтепа тумани, Кичик халқа йўли, 14'),(15,'РЕСПУБЛИКА КЎЗ КАСАЛЛИКЛАРИ КЛИНИК ШИФОХОНАСИ  ','Олмазор тумани, Зиё кўчаси, 12'),(16,'РЕСПУБЛИКАИХТИСОСЛАШТИРИЛГАН  НЕЙРОХИРУРГИЯ ИЛМИЙ -АМАЛИЙ ТИББИЁТ МАРКАЗИ','Мирзо Улуғбек тумани, Хумоюн мавзеси, 40'),(17,'РЕСПУБЛИКА ШОШИЛИНЧ ТИББИЙ ЁРДАМ ИЛМИЙ МАРКАЗИ','Чилонзор тумани, Кичик халка (Фарход кўчаси),2'),(18,'РЕСПУБЛИКА ИХТИСОСЛАШТИРИЛГАН ОНКОЛОГИЯ ВА РАДИОЛОГИЯ ИЛМИЙ-АМАЛИЙ ТИББИЁТ МАРКАЗИ','Шайхонтохур тумани Фаробий кўчаси, 383'),(19,'Ш.А. АЛИМОВ номли  РЕСПУБЛИКА  ФТИЗИАТРИЯ ВА ПУЛЬМОНОЛОГИЯ ИЛМИЙ-АМАЛИЙ ТИББИЁТ МАРКАЗИ','Шайхонтохур тумани, Ш.Алимов кўчаси, 1'),(20,'РЕСПУБЛИКА ДОТС (DOTS)  МАРКАЗИ (Силга қарши кураш дастури )','Шайхонтохур тумани, Ш.Алимов кўчаси, 1'),(21,'РЕСПУБЛИКА  ИЛМИЙ-ИХТИСОСЛАШГАН АЛЛЕРГОЛОГИЯ МАРКАЗИ','Олмазор тумани, Фаробий кўчаси, 2'),(22,'РЕСПУБЛИКА  ИХТИСОСЛАШТИРИЛГАН УРОЛОГИЯ МАРКАЗИ','Олмазор тумани, Ходжаев кўчаси, 1-берк кўча, 1'),(23,'РЕСПУБЛИКА НАРКОЛОГИЯ МАРКАЗИ ','Тошкент вилояти, Қибрай тумани, Солор шахарчаси, Ором кўчаси, 1'),(24,'РЕСПУБЛИКА УЛАТ КАРАНТИН ВА ЎТА ХАВФЛИ ЮҚУМЛИ КАСАЛЛИКЛАР МУХОФАЗАСИ  МАРКАЗИ','Шайхонтохур тумани, Эшон Бобохон кўчаси, 2'),(25,'РЕСПУБЛИКА  ДСЭНМ - ДАВЛАТ САНИТАРИЯ-ЭПИДЕМИОЛОГИЯ НАЗОРАТИ МАРКАЗИ','Чилонзор тумани, Бунёдкор кўчаси, 46'),(26,'ЎЗБЕКИСТОН ХАВО ЙЎЛЛАРИ МАК ДСЭНМ - ДАВЛАТ САНИТАРИЯ-ЭПИДЕМИОЛОГИЯ НАЗОРАТИ МАРКАЗИ','Мирзо Улуғбек тумани, Авиасозлар шаҳарчаси,  25-а уй'),(27,'РЕСПУБЛИКА  ДЕЗИНФЕКЦИЯ СТАНЦИЯСИ','Олмазор тумани,  Беруний кўчаси, 371 уй'),(28,'РЕСПУБЛИКА   ОИТСга ҚАРШИ КУРАШ МАРКАЗИ','Чилонзор тумани, 16-мавзе, Фарход кўчаси, 12'),(29,'РЕСПУБЛИКА   БОЛАЛАР КАМ ИНВАЗИВ ВА ЭНДОСКОПИК ХИРУРГИЯ ИЛМИЙ-АМАЛИЙ МАРКАЗИ','\"Олмазор тумани, \"\"Фаробий\"\" кўчаси, 2 уй.  ТТА, 8 корпус, 3 этаж\"'),(30,'АКАДЕМИК В. ВОХИДОВ номли РЕСПУБЛИКА ИХТИСОСЛАШТИРИЛГАН ЖАРРОХЛИК МАРКАЗИ ','Чилонзор тумани, Фарход кўчаси, 10'),(31,'РЕСПУБЛИКА   СПОРТ ЖАРОХАТ МАРКАЗИ  ','Яшнобод тумани, Тараққиёт кўчаси, 78 (Беруний -3 аренда)'),(32,'ТРАВМАТОЛОГИЯ ВА ОРТОПЕДИЯ ИЛМИЙ АМАЛИЙ ТИББИЁТ МАРКАЗИ','Яшнаобод тумани, Тараққиёт кўчаси, 78'),(33,'РЕСПУБЛИКА  БОЛАЛАР ОРТОПЕДИЯ МАРКАЗИ','Тошкент вилояти, Қибрай тумани, Солор шахарчаси, Олийгоҳ кўчаси, 8'),(34,'РЕСПУБЛИКА БОЛАЛАР ТАЯНЧ-ХАРАКАТ ТИЗИМИ КАСАЛЛИКЛАРИ РЕАБИЛИТАЦИЯ МАРКАЗИ','Тошкент вилояти, Қибрай тумани, Солор шахарчаси, Бобур кўчаси, 4'),(35,'РЕСПУБЛИКА  ЭПИДЕМИОЛОГИЯ, МИКРОБИОЛОГИЯ ВА ЮҚУМЛИ КАСАЛЛИКЛАР КАСАЛЛИКЛАР ИЛМИЙ ТЕКШИРИШ ИНСТИТУТИ ва КЛИНИКАСИ','Учтепа тумани, Заковат кўчаси, 2'),(36,'\"РЕСПУБЛИКА \"\"ОДАМ МИКОЗЛАРИНИ ҚЎЗҒАТУВЧИ ЗАМБУРУҒ ТУРЛАРИ КОЛЛЕКЦИЯСИ МИКОЛОГИЯ ЛАБОРАТОРИЯСИ ВА МУЗЕЙИ\"\"\"','Учтепа тумани, Решетов  кўчаси, 2'),(37,'БЎҒМА (ДИФТЕРИЯ) КАСАЛЛИГИГА БАКТЕРИОЛОГИК ДИАГНОЗ ҚЎЙИШ МАРКАЗИ','Мирзо Улуғбек тумани, Паркент кўчаси, 51 уй'),(38,'РЕСПУБЛИКА  ВИРУСОЛОГИЯ ИЛМИЙ ТЕКШИРИШ ИНСТИТУТИ  ','Юнусобод тумани, Янгишахар кўчаси, 7-а'),(39,'РЕСПУБЛИКА   ИХТИСОСЛАШТИРИЛГАН ДЕРМАТОЛОГИЯ ВА ВЕНЕРОЛОГИЯ ИЛМИЙ-АМАЛИЙ ТИББИЁТ МАРКАЗИ','\"Олмазор тумани, \"\"Фаробий\"\" кўчаси, 2 уй\"'),(40,'РЕСПУБЛИКА   ТЕРИ-ТАНОСИЛ КЛИНИК КАСАЛХОНАСИ','Миробод тумани, Нукус кўчаси, 1 проезд, 14'),(41,'РЕСПУБЛИКА  ТЕРАПИЯ ВА ТИББИЙ РЕАБИЛИТАЦИЯ ИЛМИЙ-АМАЛИЙ ТИББИЁТ МАРКАЗИ','Юнусобод тумани, Хуршид кўчаси, 4'),(42,'ЎСМИРЛАР ВА ЧАҚИРИЛУВЧИ ЁШЛАРГА ТИББИЙ ЁРДАМНИ ТАШКИЛ ЭТИШ РЕСПУБЛИКА  МАРКАЗИ ','Шайхонтохур тумани, Навоий кўчаси, 12'),(43,'САНИТАРИЯ ГЕГИЕНА ВА КАСБ КАСАЛЛИКЛАР  ИЛМИЙ ТАДҚИҚОТ ИНСТИТУТИ ','Мирзо Улуғбек тумани, Олтинтепа кўчаси, 325'),(44,'ТОШКЕНТ РЕСПУБЛИКА ТИББИЁТ АКАДЕМИЯСИ  №1-сон КЛИНИКАСИ','Олмазор тумани, Ходжаев кўчаси, 2'),(45,'ТОШКЕНТ РЕСПУБЛИКА ТИББИЁТ АКАДЕМИЯСИ  №2-сон КЛИНИКАСИ','\"Олмазор тумани, \"\"Фаробий\"\" кўчаси, 2 уй\"'),(46,'ТОШКЕНТ РЕСПУБЛИКА ТИББИЁТ АКАДЕМИЯСИ  №3-сон КЛИНИКАСИ','Яшнаобод тумани, Тараққиёт кўчаси, 103'),(47,'РЕСПУБЛИКА  ПЕДИАТРИЯ ТИББИЁТ ИНСТИТУТИНИНГ  КЛИНИКАСИ  ','Юнусобод тумани, Боғишамол кўчаси, 223'),(48,'РЕСПУБЛИКА  1-сон  КЛИНИК ШИФОХОНАСИ','Миробод тумани, Содиқ Азимов кўчаси, 74'),(49,'РЕСПУБЛИКА  2-сон  КЛИНИК ШИФОХОНАСИ','Мирзо Улуғбек тумани, Улуғбек шаҳарчаси, Булоқсой кўчаси, 1'),(50,'РЕСПУБЛИКА КУЗАТУВ КУЧАЙТИРИЛГАН РУХИЙ КАСАЛЛИКЛАР ШИФОХОНАСИ','Олмазор тумани, Чуқурсой кўчаси, 149'),(51,'РЕСПУБЛИКА  КЛИНИК РУХИЙ ШИФОХОНАСИ   ','Сергели тумани, Йўлдош дахаси, 4'),(52,'У.К. ҚУРБОНОВ номли  РЕСПУБЛИКА  БОЛАЛАР РУХИЙ-АСАБ КАСАЛХОНАСИ','Мирзо Улуғбек тумани, Олмачи кўчаси, 1 '),(53,'ВРАЧЛАР ВА ФАРМАЦЕВТЛАРНИ АТТЕСТАЦИЯДАН ЎТКАЗИШ ВА ЛИЦЕНЗИЯ БЕРИШ  РЕСПУБЛИКА  МАРКАЗИ ','Мирзо Улуғбек тумани, Паркент кўчаси, 51'),(54,'РЕСПУБЛИКА   ТИББИЙ ТАЪЛИМНИ РИВОЖЛАНТИРИШ МАРКАЗИ','Мирзо Улуғбек тумани, Паркент кўчаси, 51'),(55,'РЕСПУБЛИКА  ВРАЧЛАР МАЛАКАСИНИ ОШИРИШ ИНСТИТУТИ','Мирзо Улуғбек тумани, Паркент кўчаси, 51'),(56,'ЎРТА ТИББИЁТ ВА ДОРИШУНОС ХОДИМЛАРИНИ МАЛАКАСИНИ ОШИРИШ ВА ИХТИСОСЛАШТИРИШ РЕСПУБЛИКА МАРКАЗИ ','Олмазор тумани, Каримов кўчаси, 45'),(57,'ТОШКЕНТ РЕСПУБЛИКА  ПЕДИАТРИЯ ТИББИЁТ ИНСТИТУТИ   ','Юнусобод тумани, Жаҳон Обидова кўчаси, 223'),(58,'ТОШКЕНТ  ТИББИЁТ АКАДЕМИЯСИ ','Олмазор тумани, Фаробий кўчаси, 3'),(59,'ТОШКЕНТ ФАРМАЦЕВТИКА ИНСТИТУТИ   ','Миробод тумани, Афросиёб кўчаси, 45'),(60,'РЕСПУБЛИКА  ГЕМАТОЛОГИЯ ВА ҚОН ҚУЙИШ ИЛМИЙ ТЕКШИРИШ ИНСТИТУТИ ','Чилонзор тумани, Бунёдкор кўчаси, 42'),(61,'РЕСПУБЛИКА СУД-ТИББИЙ ЭКСПЕРТИЗА БОШ БЮРОСИ','Яккасарой тумани, Боғубўстон, 143'),(62,'РЕСПУБЛИКА ПАТОЛОГО-АНОТОМИК МАРКАЗИ  ','Олмазор тумани, Ф.Хаджаев кўчаси, 11'),(63,'РЕСПУБЛИКА  ДОРИ ВОСИТАЛАРИ ЭКСПЕРТИЗАСИ ВА СТАНДАРТИЗАЦИЯСИ ДАВЛАТ МАРКАЗИ','Олмазор тумани, Усмонхўжаев кўчаси, Умаров тор кўчаси, 16'),(64,'РЕСПУБЛИКА СТОМАТОЛОГИК ПОЛИКЛИНИКАСИ ','Чилонзор тумани, Нурхон кўчаси, 16-а'),(65,'РЕСПУБЛИКА МАРКАЗИЙ КОНСУЛЬТАТИВ ДИАГНОСТИК ПОЛИКЛИНИКА','Яшнаобод тумани, Қорасув кўчаси, 25'),(66,'РЕСПУБЛИКА  БОЛАЛАР СУЯК СИЛИ САНАТОРИЯСИ ,  Мирзо Улуғбек тумани  ','Мирзо Улуғбек тумани, Буюк ипак йўли кўчаси, 425'),(67,'\"РЕСПУБЛИКА  БОЛАЛАР СИЛ КАСАЛЛИКЛАРИГА ҚАРШИ  \"\"ЧИМГАН\"\" САНАТОРИЯСИ\"','Тошкент вилояти, Бўстонлиқ тумани, Чимган қишлоғи'),(68,'\"\"\"ПАРДА-ТУРСУН\"\" номли РЕСПУБЛИКА ФТИЗИАТРИЯ САНАТОРИЯСИ     \"','Наманган вилояти, Поп тумани, Парда-Турсун қишлоғи'),(69,'\"РЕСПУБЛИКА ФТИЗИАТРИЯ-ПУЛЬМОНОЛОГИЯ  \"\"ПАХАТАЛИККЎЛ\"\"  САНАТОРИЯСИ  \"','Наманган вилояти, Наманган шахар, Пахталиккул кўчаси, 1'),(70,'К.С. ЗОИРОВ номли ЎЗБЕКИСТОН СОҒЛИҚНИ САҚЛАШ  МУЗЕЙИ    ','Миробод тумани, Охунбобоев кўчаси, 30'),(71,'\"\"\"ЎЗБЕКИСТОНДА СОҒЛИҚНИ САҚЛАШ\"\" , \"\"ЗДРАВООХРАНЕНИЕ УЗБЕКИСТАНА\"\"  РЕСПУБЛИКА ГАЗЕТАСИ  ТАХРИРИЯТИ    \"','Миробод тумани, Охунбобоев кўчаси, 30'),(72,'\"\"\"СИХАТ-САЛОМАТЛИК\"\"  РЕСПУБЛИКА ЖУРНАЛИ ТАХРИРИЯТИ  \"','Мирзо Улуғбек тумани, Паркент кўчаси, 51 уй'),(73,'\"ЎЗБЕКИСТОН ТИББИЁТ ЖИРНАЛИ\"\", \"\"МЕДИЦИНСКИЙ ЖУРНАЛ УЗБЕКИСТАНА\"\"  РЕСПУБЛИКА ЖУРНАЛИ ТАХРИРИЯТИ\"','Яшнаобод тумани, Тараққиёт кўчаси, 103'),(74,'\"Республика  ихтисослаштирилган жаррохлик марказининг  \"\"ЎЗБЕКИСТОН ХИРУРГИЯСИ\"\"  ЖУРНАЛИ РЕДАКЦИЯСИ \"','Чилонзор тумани, Фарҳод кўчаси, 10'),(75,'\"РЕСПУБЛИКА СОҒЛИҚНИ САҚЛАШ ВАЗИРЛИГИнинг  \"\"ХАМШИРА\"\" журнал  тахририяти \"','Чилонзор тумани, 8-даха, Қатортол кўчаси, 60'),(76,'РЕСПУБЛИКА   ДАВЛАТ ИЛМИЙ-ТИББИЁТ КУТУБХОНАСИ ДИРЕКЦИЯСИ','Миробод тумани, Истиқбол кўчаси, 30'),(77,'РЕСПУБЛИКА  ССВнинг   АВТОХЎЖАЛИГИ             ','Миробод тумани, Сарикўл 3-тор кўчаси,  13'),(78,'\"\"\"НИХОЛ\"\" - ТАЖРИБА ЗАВОДИ\"','Олмазор тумани, Фаробий кўчаси, 383'),(79,'РЕСПУБЛИКА  ССВ - ТОШКЕНТ КИСЛОРОД ЗАВОДИ    ','Чилонзор тумани, Чилонзор кўчаси, 86 '),(80,'ТОШКЕНТ ДАВЛАТ СТОМАТОЛОГИЯ ИНСТИТУТ КЛИНИКАСИ               ','Яшнобод тумани, Тараққиёт кучаси-103-уй'),(81,'РЕСПУБЛИКА  НОГИРОНЛАРНИ РЕАБИЛИТАЦИЯ ҚИЛИШ ВА ПРОТЕЗЛАШ МИЛЛИЙ  МАРКАЗИ                                   ','Мирзо Улугбек тумани, Дархон-тепа кўчаси, 5-а'),(82,'РЕСПУБЛИКА  ХИРУРГИК АНГИОНЕВРОЛОГИЯ ИХТИСОСЛАШТИРИЛГАН МАРКАЗИ                      ','Олмазор тумани, Фаробий кўчаси, 2'),(83,'УРУШ ВА МЕҲНАТ ФАХРИЙЛАРИ УЧУН РЕСПУБЛИКА ПАНСИОНАТИ',''),(84,'РЕСПУБЛИКА ҚОН КУЙИШ МАРКАЗИ','Яккасарой тумани Ш.Руставели кучаси 138 уй'),(85,'\"ТОШКЕНТ ВИЛОЯТИ \"\"ТОВОҚСОЙ\"\" САНАТОРИЯСИ\"',''),(86,'Ўзбекистон Республикаси Соғлиқни сақлаш вазирлиги Республика тибий ижтимоий экспертиза инспекцияси','Тошкент шаҳар Чилонзор тумани. Новза кўчаси 14 уй'),(87,'\"\"\"Одам савдоси жабирдийдаларига ёрдам бериш  бўйича Республика реабилитация маркази\"','Чилозор-3-18'),(88,'Тошкент шахар тез тиббий ёрдам станцияси','Тошкент ш. Ю.Обод тумани М-4, 17 а уй');
/*!40000 ALTER TABLE `hospitals` ENABLE KEYS */;
UNLOCK TABLES;

--
-- Table structure for table `users`
--

DROP TABLE IF EXISTS `users`;
/*!40101 SET @saved_cs_client     = @@character_set_client */;
/*!40101 SET character_set_client = utf8 */;
CREATE TABLE `users` (
  `name` varchar(256) NOT NULL,
  `email` varchar(256) NOT NULL,
  `password` varchar(256) NOT NULL,
  PRIMARY KEY (`email`)
) ENGINE=InnoDB DEFAULT CHARSET=latin1;
/*!40101 SET character_set_client = @saved_cs_client */;

--
-- Dumping data for table `users`
--

LOCK TABLES `users` WRITE;
/*!40000 ALTER TABLE `users` DISABLE KEYS */;
INSERT INTO `users` VALUES ('Enver','email@mail.mail','7815696ecbf1c96e6894b779456d330e');
/*!40000 ALTER TABLE `users` ENABLE KEYS */;
UNLOCK TABLES;
/*!40103 SET TIME_ZONE=@OLD_TIME_ZONE */;

/*!40101 SET SQL_MODE=@OLD_SQL_MODE */;
/*!40014 SET FOREIGN_KEY_CHECKS=@OLD_FOREIGN_KEY_CHECKS */;
/*!40014 SET UNIQUE_CHECKS=@OLD_UNIQUE_CHECKS */;
/*!40101 SET CHARACTER_SET_CLIENT=@OLD_CHARACTER_SET_CLIENT */;
/*!40101 SET CHARACTER_SET_RESULTS=@OLD_CHARACTER_SET_RESULTS */;
/*!40101 SET COLLATION_CONNECTION=@OLD_COLLATION_CONNECTION */;
/*!40111 SET SQL_NOTES=@OLD_SQL_NOTES */;

-- Dump completed on 2019-12-16 12:31:19
