-- MySQL dump 10.13  Distrib 5.7.28, for Linux (x86_64)
--
-- Host: localhost    Database: hcs
-- ------------------------------------------------------
-- Server version	5.7.28-0ubuntu0.18.04.4

/*!40101 SET @OLD_CHARACTER_SET_CLIENT=@@CHARACTER_SET_CLIENT */;
/*!40101 SET @OLD_CHARACTER_SET_RESULTS=@@CHARACTER_SET_RESULTS */;
/*!40101 SET @OLD_COLLATION_CONNECTION=@@COLLATION_CONNECTION */;
/*!40101 SET NAMES utf8 */;
/*!40103 SET @OLD_TIME_ZONE=@@TIME_ZONE */;
/*!40103 SET TIME_ZONE='+00:00' */;
/*!40014 SET @OLD_UNIQUE_CHECKS=@@UNIQUE_CHECKS, UNIQUE_CHECKS=0 */;
/*!40014 SET @OLD_FOREIGN_KEY_CHECKS=@@FOREIGN_KEY_CHECKS, FOREIGN_KEY_CHECKS=0 */;
/*!40101 SET @OLD_SQL_MODE=@@SQL_MODE, SQL_MODE='NO_AUTO_VALUE_ON_ZERO' */;
/*!40111 SET @OLD_SQL_NOTES=@@SQL_NOTES, SQL_NOTES=0 */;

--
-- Table structure for table `diseases`
--

DROP TABLE IF EXISTS `diseases`;
/*!40101 SET @saved_cs_client     = @@character_set_client */;
/*!40101 SET character_set_client = utf8 */;
CREATE TABLE `diseases` (
  `id` int(10) NOT NULL AUTO_INCREMENT,
  `name` varchar(255) DEFAULT NULL,
  `treats` int(10) DEFAULT NULL,
  `palliates` int(10) DEFAULT NULL,
  `total_edges` int(10) DEFAULT NULL,
  `synonyms` text,
  `auroc` float DEFAULT NULL,
  `description` text,
  PRIMARY KEY (`id`)
) ENGINE=InnoDB AUTO_INCREMENT=137 DEFAULT CHARSET=utf8;
/*!40101 SET character_set_client = @saved_cs_client */;

--
-- Dumping data for table `diseases`
--

LOCK TABLES `diseases` WRITE;
/*!40000 ALTER TABLE `diseases` DISABLE KEYS */;
INSERT INTO `diseases` VALUES (1,'Alzheimer\'s disease',4,5,772,'AD | Alzheimer disease | Alzheimer disease, familial | Alzheimer\'s disease | Alzheimers dementia',0.977184,'A tauopathy that results in progressive memory loss, impaired thinking, disorientation, and changes in personality and mood starting and leads in advanced cases to a profound decline in cognitive and physical functioning and is marked histologically by the degeneration of brain neurons especially in the cerebral cortex and by the presence of neurofibrillary tangles and plaques containing beta-amyloid. It is characterized by memory lapses, confusion, emotional instability and progressive loss of mental ability.'),(2,'Barrett\'s esophagus',2,0,541,'(ulcerative esophagitis) or (Barrett\'s esophagus) | Barrett esophagus | Barrett\'s esophagus | Barrett\'s esophagus (disorder) | Barrett\'s esophagus (disorder) [Ambiguous] | Barrett\'s esophagus with esophagitis (disorder) | Barrett\'s oesophagus | Barrett\'s ulcer of esophagus (disorder) | Barretts syndrome | CLE',1,NULL),(3,'Behcet\'s disease',0,0,102,'Adamantiades-Behcet disease | Behcet syndrome | Behcet\'s disease | Behcet\'s syndrome | Behet\'s syndrome (disorder) | triple symptom complex',NULL,'A vasculitis that is characterized by an autoimmune mediated inflammation of the blood vessels throughout the body leading to ulcerations on the mouth and sometimes the genitals, notorious for causing hypopyon uveitis.'),(4,'Creutzfeldt-Jakob disease',0,0,53,'CJD (Creutzfeldt Jakob disease) | Creutzfeldt Jacob syndrome | Creutzfeldt Jakob disease | Creutzfeldt-Jacob disease | Creutzfeldt-Jakob disease | Jakob-Creutzfeldt disease | Subacute spongiform encephalopathy | Transmissible virus dementia (disorder)',NULL,NULL),(5,'Crohn\'s disease',6,2,686,'Crohn disease | Crohn\'s disease | Crohn\'s disease of colon (disorder) | Crohn\'s disease of large bowel | Granulomatous Colitis | Pediatric Crohn\'s disease | regional Ileitis | regional colitis | regional enteritis | regional enteritis of small intestine with large intestine | regional enteritis of the large bowel | regional ileocolitis',0.883268,'An intestinal disease that involves inflammation located_in intestine.'),(6,'Fuchs\' endothelial dystrophy',0,0,22,'FCED | Fuchs\' corneal dystrophy | Fuchs\' endothelial corneal dystrophy | Fuchs\' endothelial dystrophy',NULL,'A corneal dystrophy characterized by accumulation of focal outgrowths (guttae) and thickening of Descemet\'s membrane, leading to corneal edema and loss of vision.'),(7,'Gilles de la Tourette syndrome',0,9,63,'Gilles de la Tourette syndrome | Guinon\'s disease | Psychogenic tics | Tourette syndrome | motor-verbal tic disorder',NULL,'A tic disorder that is characterized by multiple physical (motor) tics and at least one vocal (phonic) tic present for more than a year.'),(8,'Graves\' disease',2,0,76,'Basedow\'s disease | Grave\'s disease | Graves disease | Graves\' disease | exophthalmic goiter',1,'An autoimmune disease of endocrine system that involves production of excessive amount of thyroid hormones, located_in thyroid gland.'),(9,'IgA glomerulonephritis',0,0,966,'Berger\'s IgA or IgG nephropathy (disorder) | Focal Glomerulonephritis | IGA glomerulonephritis | IgA glomerulonephritis | IgA nephropathy | IgA nephropathy (disorder) | primary IgA nephropathy (disorder) | segmental glomerulonephritis',NULL,'A glomerulonephritis characterized by build up of IgA antibody in the glomerulus.'),(10,'Kawasaki disease',1,0,49,'Kawasaki disease | Kawasaki\'s disease | MLNS | acute febrile MCLS | acute febrile mucocutaneous lymph node syndrome [MCLS] | mucocutaneous lymph node syndrome',0.937541,'A lymphadenitis characterized by swelling of cervical lymph nodes in infants and young children and inflammation of medium-sized blood vessels located_in body, has_symptom fever, has_symptom congestion of ocular conjunctivae, has_symptom reddening of lips, has_symptom reddening of oral cavity, has_symptom protuberance of tongue papillae and has_symptom edema of extremities.'),(11,'Paget\'s disease of bone',6,0,76,'Familial Paget\'s disease of bone | PAGET\'S BONE DISEASE | Paget disease of bone | Paget\'s disease of bone | osseous Paget\'s disease | osteitis deformans',0.999347,'A bone formation disease that has_material_basis_in hyperactive osteoclast which results_in abnormal osteoblast bone formation located_in skull, located_in pelvis, located_in vertebral column, located_in set of limbs.'),(12,'Parkinson\'s disease',0,28,795,'Parkinson disease | Parkinson\'s disease | paralysis agitans',NULL,'A synucleinopathy that has_material_basis_in degeneration of the central nervous system that often impairs motor skills, speech, and other functions.'),(13,'abdominal aortic aneurysm',0,0,582,'AORTIC ANEURYSM, FAMILIAL ABDOMINAL 1 | abdominal aortic aneurysm',NULL,'An aortic aneurysm that is located_in the abdominal aorta.'),(14,'acquired immunodeficiency syndrome',14,0,605,'AIDS | acquired Immune deficiency | acquired immune deficiency syndrome | acquired immunodeficiency syndrome',0.991985,'A Human immunodeficiency virus infectious disease that results_in reduction in the numbers of CD4-bearing helper T cells below 200 per µL of blood or 14% of all lymphocytes thereby rendering the subject highly vulnerable to life-threatening infections and cancers, has_material_basis_in Human immunodeficiency virus 1 or has_material_basis_in Human immunodeficiency virus 2, which are transmitted_by sexual contact, transmitted_by transfer of blood, semen, vaginal fluid, pre-ejaculate, or breast milk, transmitted_by congenital method, and transmitted_by contaminated needles. Opportunistic infections are common in people with AIDS.'),(15,'adrenal gland cancer',0,0,99,'adrenal cancer | adrenal gland cancer | adrenal neoplasm | malignant Adrenal tumor | malignant neoplasm of adrenal gland | neoplasm of adrenal gland (disorder) | tumor of the Adrenal gland',NULL,'An endocrine gland cancer located_in the adrenal glands which are located above the kidneys.'),(16,'age related macular degeneration',0,0,96,'Senile macular degeneration | Senile macular retinal degeneration | age related macular degeneration | age-related macular degeneration',NULL,'A degeneration of macula and posterior pole that is characterized by a loss of vision in the center of the visual field (the macula) resulting from damage to the retina and resulting in blurring of the sharp central vision.'),(17,'alcohol dependence',4,2,444,'alcohol dependence | alcoholism',0.896838,NULL),(18,'allergic rhinitis',15,5,107,'Allergic rhinitis due to pollen | Allergic rhinitis due to pollen (disorder) | Allergy to pollen (disorder) | Hay Fever | Hay fever - pollens | Non-seasonal allergic rhinitis | Perenial allergic rhinitis | Pollinosis | Seasonal allergic rhinitis | Seasonal allergic rhinitis (disorder) | Seasonal allergic rhinitis (disorder) [Ambiguous] | allergic rhinitis | allergic rhinitis due to animal (cat) (dog) hair and dander | allergic rhinitis due to food | atopic rhinitis | hay fever | pollenosis | seasonal allergic rhinitis',0.986737,'A rhinitis that is an allergic inflammation and irritation of the nasal airways involving sneezing, runny nose, nasal congestion, itching and tearing of the eyes caused by exposure to an allergen such as pollen, dust, mold, animal dander and droppings of cockroaches or house dust mites.'),(19,'alopecia areata',1,0,531,'Circumscribed alopecia | alopecia areata',0.686402,'A hypersensitivity reaction type II disease resulting in the loss of hair on the scalp and elsewhere on the body initially causing bald spots.'),(20,'amyotrophic lateral sclerosis',1,1,639,'ALS | Lou Gehrig\'s disease | amyotrophic lateral sclerosis | motor neuron disease, bulbar',0.696812,'A motor neuron disease that is characterized by muscle spasticity, rapidly progressive weakness due to muscle atrophy, difficulty in speaking, swallowing, and breathing.'),(21,'anemia',0,0,367,'anaemia | anemia',NULL,'A hematopoietic system disease that is characterized by a decrease in the normal number of red blood cells.'),(22,'ankylosing spondylitis',8,7,265,'Bekhterev syndrome | Bekhterev\'s disease | Marie-Strumpell disease | ankylosing spondylitis',0.991013,'A bone inflammation disease that results_in inflammation in the joints of the spine and pelvis. The disease has_symptom pain, has_symptom stiffness in the spine, has_symptom stiffness in the neck, has_symptom stiffness in the hips, has_symptom stiffness in the jaw and has_symptom stiffness in the rib cage.'),(23,'appendix cancer',0,0,29,'appendix cancer | cancer of the appendix | malignant neoplasm of appendix vermiformis | malignant tumor of appendix (disorder) | malignant tumor of the appendix',NULL,'A intestinal cancer that is located_in the appendix.'),(24,'asthma',37,3,318,'Exercise induced asthma | asthma | bronchial hyperreactivity | chronic obstructive asthma | chronic obstructive asthma with acute exacerbation | chronic obstructive asthma with status asthmaticus | exercise-induced asthma',0.972829,'A bronchial disease that is characterized by chronic inflammation and narrowing of the airways, which is caused by a combination of environmental and genetic factors. The disease has_symptom recurring periods of wheezing (a whistling sound while breathing), has_symptom chest tightness, has_symptom shortness of breath, has_symptom mucus production and has_symptom coughing. The symptoms appear due to a variety of triggers such as allergens, irritants, respiratory infections, weather changes, exercise, stress, reflux disease, medications, foods and emotional anxiety.'),(25,'atherosclerosis',6,0,225,'atherosclerosis',0.994778,NULL),(26,'atopic dermatitis',16,2,127,'Allergic (intrinsic) eczema (disorder) | Atopic dermatitis | Atopic dermatitis (disorder) | Atopic dermatitis NOS (disorder) | Atopic neurodermatitis (disorder) | Besnier\'s prurigo | Besnier\'s prurigo (disorder) | allergic dermatitis | atopic dermatitis | atopic eczema',0.991541,'A dermatitis that is a chronically relapsing inflammatory allergic response located_in the skin that causes itching and flaking.'),(27,'attention deficit hyperactivity disorder',0,14,110,'ADHD | attention deficit disorder | attention deficit hyperactivity disorder | hyperkinetic disorder',NULL,'A specific developmental disorder that is characterized by co-existence of attentional problems and hyperactivity, with each behavior occurring infrequently alone\\'),(28,'autistic disorder',0,8,331,'Kanner\'s syndrome | autism | autistic disorder | autistic disorder of childhood onset | childhood autism | infantile autism',NULL,'An autism spectrum disorder that is characterized by symptoms across all three symptom domains (communication, social, restricted repetitive interests and behaviors), delayed language development, and symptom onset prior to age 3 years.'),(29,'azoospermia',1,0,545,'azoospermia | spermatogenic failure',0.238777,'A male infertility disease characterized by the absence of any measurable level of sperm in semen.'),(30,'bile duct cancer',0,0,71,'Ca extrahepatic bile ducts | bile duct cancer | bile duct tumor | malignant neoplasm of the extrahepatic bile duct',NULL,'A biliary tract cancer that is located_in the bile duct.'),(31,'bipolar disorder',0,20,187,'Depressive-manic psych. | Manic Bipolar Affective disorder | Manic Depressive disorder | Manic bipolar I disorder | bipolar depression | bipolar disorder | bipolar disorder manic phase | manic depression | manic disorder | mixed bipolar disorder',NULL,'A mood disorder that involves alternating periods of mania and depression.'),(32,'bone cancer',5,0,261,'CA - bone cancer | bone cancer | bone neoplasm | bone tumor (morphologic abnormality) | bone tumour | malignant bone neoplasm | malignant bone tumour | malignant neoplasm of bone, NOS | malignant osseous tumor | neoplasm of bone (disorder) | osseous tumor',0.997913,'A connective tissue cancer that is located_in bone and is characterized by uncontrolled cellular proliferation that destroys normal bone tissue.'),(33,'brain cancer',7,4,284,'BT - Brain tumour | adult brain tumor | adult malignant brain neoplasm | brain cancer | brain neoplasm | brain neoplasm, adult | malignant brain tumour | malignant primary brain neoplasm | malignant primary brain tumor | malignant tumor of Brain | malignant tumor of adult brain | neoplasm of brain (disorder) | neoplasm of unspecified nature of brain | neoplasm of unspecified nature of brain (disorder) | primary brain neoplasm | primary brain tumor | primary malignant neoplasm of brain (disorder) | tumor of the Brain',0.925166,'A central nervous system cancer that is characterized by the growth of abnormal cells in the tissues of the brain.'),(34,'breast cancer',29,14,1159,'breast cancer | breast tumor | malignant neoplasm of breast | malignant tumor of the breast | mammary cancer | mammary neoplasm | mammary tumor | primary breast cancer',0.942026,'A thoracic cancer that originates in the mammary gland.'),(35,'celiac disease',0,0,96,'celiac disease | celiac sprue | coeliac disease | idiopathic steatorrhea',NULL,'An autoimmune disease of gastrointestinal tract that is caused by a reaction located_in small intestine to gliadin, a prolamin (gluten protein) found in wheat, and similar proteins found in the crops of the tribe Triticeae. The disease is associated with HLA-DQ gene. It has_symptom abdominal pain, has_symptom constipation, has_symptom diarrhea, has_symptom nausea and vomiting, and has_symptom loss of appetite.'),(36,'cervical cancer',1,0,90,'cervical cancer | cervical neoplasm | cervix cancer | cervix uteri cancer | neoplasm of uterine cervix (disorder) | tumor of the Cervix Uteri | uterine cervical neoplasm',0.704619,'A female reproductive organ cancer that is located_in the cervix.'),(37,'chronic kidney failure',0,10,231,'CRF | chronic kidney failure | chronic renal disease | chronic renal failure syndrome (disorder) | renal failure - chronic',NULL,NULL),(38,'chronic obstructive pulmonary disease',9,6,635,'CHRONIC OBSTRUCTIVE pulmonary DISEASE | COLD (chronic obstructive lung disease) | COPD | COPD NOS | Dops | chronic airway obstruction, NEC in ICD9CM_2006 | chronic airway obstruction, not elsewhere classified | chronic obstructive airway disease | chronic obstructive airways disease NOS | chronic obstructive airways disease NOS (disorder) | chronic obstructive lung disease | chronic obstructive lung disease (disorder) | chronic obstructive lung disease [Ambiguous] | chronic obstructive pulmonary disease | chronic obstructive pulmonary disease and allied conditions | chronic obstructive pulmonary disease finding',0.976673,NULL),(39,'cleft lip',0,0,117,'Labium leporinum | cheiloschisis | cleft lip | cleft lip, unilateral, complete | complete unilateral cleft lip | hare lip',NULL,NULL),(40,'colon cancer',5,4,633,'colon cancer',0.835616,'A colorectal cancer that is located_in the colon.'),(41,'conduct disorder',0,3,33,'conduct disorder',NULL,'A specific developmental disorder marked by a pattern of repetitive behavior wherein the rights of others or social norms are violated.'),(42,'coronary artery disease',28,10,635,'CHD (coronary heart disease) | Coronary disease | chronic myocardial ischaemia | coronary arteriosclerosis | coronary artery disease | coronary heart disease | ischemic heart disease | myocardial ischemia',0.970199,'An artery disease that is characterized by plaque building up along the inner walls of the arteries of the heart resulting in a narrowing of the arteries and a reduced blood supply to the cardiac muscles.'),(43,'degenerative disc disease',0,0,28,'cervical disc degenerative disease | degenerative disc disease | intervertebral disc degeneration | lumbar disc degeneration | vertebral disc disease',NULL,'A bone deterioration disease that has_material_basis_in gradual dehydration and tears located_in intervertebral disc.'),(44,'dental caries',0,0,44,'Dental caries extending into pulp | Dental caries of smooth surface | Dental caries pit and fissure | dental caries',NULL,NULL),(45,'dilated cardiomyopathy',3,2,118,'Congestive cardiomyopathy | Familial dilated cardiomyopathy | Idiopathic dilation cardiomyopathy | dilated cardiomyopathy | primary dilated cardiomyopathy',0.841911,'An intrinsic cardiomyopathy that results in damage to the myocardium causing the heart to pump blood inefficiently and characterized by an enlarged heart.'),(46,'duodenum cancer',0,0,49,'Duodenal cancer | cancer of duodenum | duodenal neoplasm | duodenum cancer',NULL,'A small intestine cancer that is located_in the beginning section of the small intestine.'),(47,'endogenous depression',0,15,133,'clinical depression | endogenous depression | unipolar depression',NULL,'A mental depression that is characterized by a dysregulation of the endogenous opioid system and not of the monaminergic system.'),(48,'epilepsy syndrome',25,0,531,'epilepsy | epilepsy syndrome | epileptic syndrome',0.978586,'A brain disease that is characterized by the occurrance of at least two unprovoked seizures resulting from a persistent epileptogenic abnormality of the brain that is able to spontaneously generate paroxysmal activity and typically manifested by sudden brief episodes of altered or diminished consciousness, involuntary movements, or convulsions.'),(49,'esophageal cancer',4,3,236,'Ca lower third oesophagus | Ca middle third oesophagus | esophageal cancer | esophagus cancer | malignant neoplasm of distal third of esophagus | malignant neoplasm of lower third of oesophagus | malignant neoplasm of middle third of oesophagus | malignant neoplasm of proximal third of esophagus | malignant neoplasm of upper third esophagus | malignant tumor of Distal Third of esophagus | malignant tumor of Proximal Third of esophagus | malignant tumor of abdominal esophagus | malignant tumor of the middle Third of the esophagus',0.993644,'A gastrointestinal system cancer that is located_in the esophagus.'),(50,'fallopian tube cancer',0,0,29,'fallopian tube cancer | fallopian tube neoplasm | malignant neoplasm of uterine tube | malignant tumor of fallopian tube (disorder) | malignant tumour of fallopian tube | neoplasm of fallopian tube (disorder) | tumor of the fallopian tube | tumor, fallopian tube, malignant',NULL,'A female reproductive organ cancer that is located_in fallopian tube.'),(51,'focal segmental glomerulosclerosis',1,0,61,'FGS (focal glomerular sclerosis) | FSGS | focal glomerular sclerosis | focal glomerulosclerosis | focal segmental glomerulosclerosis',0.950553,NULL),(52,'gallbladder cancer',0,0,46,'gallbladder Ca | gallbladder cancer | gallbladder neoplasm | localized malignant gallbladder neoplasm | malignant neoplasm of gallbladder | malignant tumor of the gallbladder | malignant tumour of gallbladder | tumor of the gallbladder',NULL,'A biliary tract cancer that is located_in the gallbladder.'),(53,'germ cell cancer',7,0,337,'germ cell cancer | germ cell neoplasm | germ cell tumour | malignant tumor of the germ cell',0.959877,'A cell type cancer that has_material_basis_in abnormally proliferating cells derived_from germ cells.'),(54,'gestational diabetes',1,0,47,'GDM | Gestational diabetes mellitus | Maternal gestational diabetes mellitus | gestational diabetes',0.899154,NULL),(55,'glaucoma',21,2,203,'glaucoma',0.963116,NULL),(56,'gout',9,1,55,'Articular gout (disorder) | Gouty arthropathy | gout | gouty arthritis',0.939903,'An arthritis that has_material_basis_in uric acid crystal deposits located_in joint.'),(57,'head and neck cancer',4,1,249,'head and neck cancer | head and neck neoplasm | head and neck tumours | head/neck neoplasm | tumor of head and neck (disorder)',0.893416,'An organ system cancer that arises in the head or neck region. This region includes the nasal cavity, sinuses, lips, mouth, salivary glands, throat, or larynx.'),(58,'hematologic cancer',51,2,1129,'Hematologic malignancy | Hematologic malignancy (disorder) | Hematologic neoplasm (disorder) | Hematological tumors | blood cancer | hematologic cancer | hematopoietic and lymphoid system tumor | hematopoietic cancer | hematopoietic neoplasm (morphologic abnormality) | hematopoietic tumors | malignant hematopoietic neoplasm (morphologic abnormality)',0.961932,'An immune system cancer located_in the hematological system that is characterized by uncontrolled cellular proliferation in blood, bone marrow and lymph nodes.'),(59,'hepatitis B',4,0,101,'Serum hepatitis | chronic hepatitis B | hepatitis B | hepatitis B infection',0.961375,'A viral infectious disease that results_in inflammation located_in liver, has_material_basis_in Hepatitis B virus, which is transmitted_by sexual contact, transmitted_by blood transfusions, and transmitted_by fomites like needles or syringes. The infection has_symptom fever, has_symptom fatigue, has_symptom loss of appetite, has_symptom nausea, has_symptom vomiting, has_symptom abdominal pain, has_symptom clay-colored bowel movements, has_symptom joint pain, and has_symptom jaundice.'),(60,'hypertension',68,2,772,'HTN | High blood pressure (& [essential hypertension]) | hyperpiesia | hypertension | hypertensive disease | vascular hypertensive disorder',0.957443,NULL),(61,'hypothyroidism',4,0,109,'Thyroid deficiency | Thyroid insufficiency | hypothyroidism',1,'A thyroid gland disease which involves an underproduction of thyroid hormone.'),(62,'idiopathic pulmonary fibrosis',0,1,533,'FIBROCYSTIC PULMONARY DYSPLASIA | IDIOPATHIC PULMONARY FIBROSIS, FAMILIAL | cryptogenic fibrosing alveolitis | idiopathic pulmonary fibrosis',NULL,'An idiopathic interstitial pneumonia which is a distinctive type of chronic fibrosing interstitial pneumonia with thick scarring in the lung creating a honeycomb appearance. The main symptoms start insidiously as shortness of breath on exertion, cough, and diminished stamina. Other common complaints include weight loss and fatigue. The level of oxygen in the blood decreases, and the skin may take on a bluish tinge (called cyanosis) and the ends of the fingers may become thick or club-shape. In most people, symptoms worsen over a period ranging from about 6 months to several years.'),(63,'ileum cancer',0,0,33,'ileal neoplasm | ileum cancer | malignant neoplasm of ileum',NULL,'A small intestine cancer that is located_in the ileum.'),(64,'intracranial aneurysm',0,0,124,'brain aneurysm | intracranial aneurysm',NULL,NULL),(65,'jejunal cancer',0,0,32,'jejunal cancer | malignant neoplasm of jejunum | malignant tumor of jejunum (disorder)',NULL,NULL),(66,'kidney cancer',13,6,798,'kidney cancer | malignant neoplasm of kidney except pelvis | malignant tumour of kidney | renal cancer',0.981337,'A urinary system cancer that is located_in the kidney.'),(67,'larynx cancer',0,0,42,'larynx cancer',NULL,'A respiratory system cancer that is located_in the larynx.'),(68,'leprosy',3,0,87,'leprosy',0.772856,'A primary bacterial infectious disease that results_in infection located_in superficial peripheral nerves, located_in skin, located_in mucous membranes of the upper respiratory tract, located_in anterior chamber of the eyes, or located_in testes, has_material_basis_in Mycobacterium leprae, which is transmitted_by aerosol spread from infected nasal secretions to exposed nasal and oral mucosa. The infection has_symptom skin lesions, has_symptom sensory loss, has_symptom motor loss and has_symptom eye damage.'),(69,'liver cancer',3,0,246,'Ca liver - primary (disorder) | Resectable malignant neoplasm of Liver | ca liver - primary | hepatic cancer | hepatic neoplasm | liver cancer | malignant hepato-biliary neoplasm | malignant neoplasm of liver | malignant neoplasm of liver (disorder) | malignant neoplasm of liver unspecified (disorder) | malignant neoplasm of liver, not specified as primary or secondary | malignant neoplasm of liver, primary | malignant tumor of liver (disorder) | neoplasm of liver (disorder) | non-resectable primary hepatic malignant neoplasm | primary liver cancer | primary malignant neoplasm of Liver | primary malignant neoplasm of liver | primary malignant neoplasm of liver (disorder) | primary malignant neoplasm of liver NOS (disorder) | resectable malignant neoplasm of the liver',0.996743,'A gastrointestinal system cancer that is located_in the liver.'),(70,'lung cancer',16,1,736,'lung cancer | lung neoplasm',0.989693,'A respiratory system cancer that is located_in the lung.'),(71,'lymphatic system cancer',9,0,18,'lymphatic system cancer',0.92893,'An immune system cancer that is located_in the lymphatic system and is characterized by uncontrolled cellular proliferation of lymphoid tissue.'),(72,'malaria',11,0,600,'induced malaria | malaria',0.855629,'A parasitic protozoa infectious disease characterized as a vector-borne infectious disease caused by the presence of protozoan parasites of the genus Plasmodium in the red blood cells, transmitted from an infected to an uninfected individual by the bite of anopheline mosquitoes, and characterized by periodic attacks of chills and fever that coincide with mass destruction of blood cells and the release of toxic substances by the parasite at the end of each reproductive cycle.'),(73,'malignant glioma',2,0,298,'Gliomas (morphologic abnormality) | Neuroglial tumor | glial cell tumor | glioma | glioma (morphologic abnormality) | glioma NOS | glioma NOS (morphologic abnormality) | glioma, NOS | glioma, malignant | glioma, malignant, no ICD-O subtype | malignant Neuroglial tumor | malignant glioma | malignant glioma (morphologic abnormality) | malignant glioma - category',0.995443,'A cell type cancer that has_material_basis_in glial cells and is located_in brain or located_in spine.'),(74,'malignant mesothelioma',0,0,45,'Diffuse malignant Mesothelioma | advanced malignant mesothelioma | asbestos-related malignant mesothelioma | malignant mesothelioma | malignant tumor of Mesothelium',NULL,'A cell type cancer that has_material_basis_in mesothelial tissue.'),(75,'mediastinal cancer',0,0,69,'Tumour of mediastinum | mediastinal cancer | mediastinal tumor | mediastinum cancer | neoplasm of mediastinum (disorder)',NULL,'A thoracic cancer that is located_in the mediastinum.'),(76,'melanoma',7,0,944,'Naevocarcinoma | malignant melanoma | melanoma',0.978632,'A cell type cancer that has_material_basis_in abnormally proliferating cells derived_from melanocytes which are found in skin, the bowel and the eye.'),(77,'membranous glomerulonephritis',0,0,41,'Membranous Glomerulonephritis | Membranous glomerulonephritis | Membranous glomerulonephritis (disorder) | Membranous nephropathy NOS | membranous glomerulonephritis | membranous nephropathy',NULL,NULL),(78,'meningioma',0,0,151,'intracranial meningioma | meningeal neoplasm | meningioma | meningothelial cell tumor | neoplasm of the meninges | primary Meningeal tumor | supratentorial meningioma',NULL,'A central nervous system cancer that are manifested in the central nervous system and arise from the arachnoid \\'),(79,'metabolic syndrome X',1,0,135,'ABDOMINAL OBESITY-METABOLIC SYNDROME | Dysmetabolic syndrome X | Metabolic syndrome X | Metabolic syndrome X (disorder) | dysmetabolic syndrome X | metabolic syndrome | metabolic syndrome X',0.992193,NULL),(80,'middle ear cancer',0,0,1,'middle ear cancer | neoplasm of middle ear (disorder) | tumor of the middle ear',NULL,'An auditory system cancer that is located_in the middle ear.'),(81,'migraine',7,24,199,'migraine | migraine disorder | migraine variant | migraine with or without aura',0.945041,'A brain disease that is characterized by moderate to severe headaches, nausea, extreme sensitivity to light and sound and intense unilaterial throbbing or pulsing.'),(82,'multiple sclerosis',11,22,317,'Generalized multiple sclerosis (disorder) | insular sclerosis | multiple sclerosis',0.863071,'A demyelinating disease that involves damage to the fatty myelin sheaths around the axons of the brain and spinal cord resulting in demyelination and scarring.'),(83,'muscle cancer',6,0,137,'Myosarcoma (morphologic abnormality) | malignant neoplasm of muscle, NOS | malignant tumor of muscle (disorder) | malignant tumor of the Muscle | muscle cancer | myosarcoma',0.975631,'A musculoskeletal system cancer that is located_in muscle.'),(84,'narcolepsy',0,5,69,'Narcolepsy, without cataplexy | narcolepsy | paroxysmal sleep',NULL,'A sleep disorder that involves an excessive urge to sleep at inappropriate times, such as while at work.'),(85,'nasal cavity cancer',0,0,4,'malignant neoplasm of nasal cavities | malignant tumor of the nasal cavity | nasal cavity cancer',NULL,'A respiratory system cancer that is located_in the nasal cavity.'),(86,'nephrolithiasis',1,0,61,'NEPHROLITHIASIS, CALCIUM OXALATE | Stone - kidney/ureter | UROLITHIASIS, CALCIUM OXALATE | calculus of kidney and ureter (disorder) | kidney stones | nephrolithiasis',0.240729,NULL),(87,'nicotine dependence',1,1,540,'nicotine dependence | tobacco use disorder',0.985036,NULL),(88,'obesity',11,0,558,'obesity',0.915521,NULL),(89,'ocular cancer',2,0,139,'Ocular tumor | eye neoplasm | malignant eye neoplasm | neoplasm of eye (disorder) | neoplasm of eye proper | ocular cancer',0.995117,'A sensory system cancer located_in the eye that is characterized by uncontrolled cellular proliferation in the eye.'),(90,'osteoarthritis',0,25,153,'Osteoarthrosis and allied disorder | degenerative arthritis | degenerative joint disease | hypertrophic arthritis | osteoarthritis | osteoarthrosis',NULL,'An arthritis that has_material_basis_in worn out cartilage located_in joint.'),(91,'osteoporosis',15,1,164,'osteoporosis',0.992646,'A bone resorption disease that has_material_basis_in a drop in estrogen or testosterone which results_in the thinning of bone tissue and loss of bone mineral density.'),(92,'otosclerosis',0,0,59,'otosclerosis',NULL,'A labyrinthine disease characterized by an abnormal bone growth in the middle ear.'),(93,'ovarian cancer',10,0,393,'malignant Ovarian tumor | malignant tumour of ovary | ovarian cancer | ovarian neoplasm | ovary neoplasm | primary ovarian cancer | tumor of the Ovary',0.989398,'A female reproductive organ cancer that is located_in the ovary.'),(94,'pancreatic cancer',10,1,716,'Ca body of pancreas | Ca head of pancreas | Ca tail of pancreas | malignant neoplasm of body of pancreas | malignant neoplasm of head of pancreas | malignant neoplasm of tail of pancreas | pancreas neoplasm | pancreatic cancer | pancreatic neoplasm | pancreatic tumor',0.911387,'An endocrine gland cancer located_in the pancreas.'),(95,'pancreatitis',2,1,158,'pancreatitis',0.919271,NULL),(96,'panic disorder',0,18,70,'panic anxiety syndrome | panic disorder',NULL,'An anxiety disorder that is characterized by unexpected and repeated episodes of intense fear accompanied by physical symptoms that may include chest pain, heart palpitations, shortness of breath, dizziness, or abdominal distress.'),(97,'penile cancer',0,0,29,'Ca penis | Ca penis (disorder) | Penile Ca | malignant Penile tumor | malignant neoplasm of body of penis | malignant neoplasm of penis, part unspecified | malignant neoplasm of penis, part unspecified (disorder) | malignant tumor of body of penis (disorder) | malignant tumor of penis (disorder) | penile cancer | penile neoplasm',NULL,NULL),(98,'periodontitis',0,0,169,'chronic pericementitis | periodontitis',NULL,NULL),(99,'peripheral nervous system neoplasm',12,0,230,'neoplasm of peripheral nerve (disorder) | nerve sheath neoplasm | nerve sheath tumors | peripheral nervous system neoplasm | tumor of PNS',0.978429,'A nervous system cancer that is located_in the peripheral nervous system.'),(100,'peritoneum cancer',0,0,55,'cancer of peritoneum | peritoneal neoplasm | peritoneum cancer',NULL,'An organ system cancer that is located in the peritoneum.'),(101,'pharynx cancer',0,0,126,'pharyngeal cancer | pharyngeal neoplasm | pharynx cancer | pharynx neoplasm',NULL,'A gastrointestinal system cancer that is located_in the pharynx.'),(102,'polycystic ovary syndrome',1,5,743,'Multicystic ovaries | PCOS | Polycystic Ovarian disease | Polycystic ovaries | Polycystic ovaries (disorder) | Polycystic ovary syndrome | Stein-Leventhal synd. | Stein-Leventhal syndrome | polycystic ovary | polycystic ovary syndrome',0.998048,NULL),(103,'primary biliary cirrhosis',3,0,108,'biliary liver cirrhosis | cholestatic cirrhosis | chronic nonsuppurative destructive cholangitis | primary biliary cirrhosis',0.975896,'A liver cirrhosis characterized by chronic and slow progressive destruction of intrahepatic bile ducts.'),(104,'prostate cancer',21,9,692,'NGP - new growth of prostate | hereditary prostate cancer | malignant tumor of the prostate | prostate cancer | prostate cancer, familial | prostate neoplasm | prostatic cancer | prostatic neoplasm | tumor of the prostate',0.922623,'A male reproductive organ cancer that is located_in the prostate.'),(105,'psoriasis',21,4,676,'psoriasis',0.970305,NULL),(106,'psoriatic arthritis',8,0,573,'arthritis psoriatica | arthropathic psoriasis | psoriatic arthritis | psoriatic arthropathy',0.990931,'A syndrome that occurs in humans with psoriasis who also experience symptoms similar to arthritis.'),(107,'rectum cancer',0,0,75,'cancer of rectum | carcinoma of rectum | carcinoma of the rectum | malignant Rectal tumor | malignant neoplasm of rectum | malignant rectum tumor | malignant tumor of rectum (disorder) | rectal cancer | rectum cancer',NULL,'A colorectal cancer that is located_in the rectum.'),(108,'refractive error',0,0,156,'disorder of refraction | eye refraction disorder | refractive error',NULL,NULL),(109,'restless legs syndrome',0,10,65,'WED | Willis-Ekbom disease | Wittmaack-Ekbom syndrome | restless legs syndrome',NULL,'A central nervous system disease characterized by throbbing, pulling creeping or other unpleasant sensations in the legs and the irresistible urge to move them.'),(110,'retroperitoneal cancer',0,0,64,'malignant neoplasm of retroperitoneum | malignant neoplasm of retroperitoneum and peritoneum | malignant neoplasm of retroperitoneum and peritoneum NOS (disorder) | malignant retroperitoneal cancer | malignant tumor of peritoneum and retroperitoneum | malignant tumor of peritoneum and retroperitoneum (disorder) | neoplasm of retroperitoneum | neoplasm of the retroperitoneum | retroperitoneal cancer | retroperitoneal neoplasm | tumor of retroperitoneum (disorder)',NULL,'An organ system cancer located_in the retroperitoneal space that is manifested in retroperitoneal space in the abdominal cavity behind the peritoneum.'),(111,'rheumatoid arthritis',15,16,906,'Arthritis or polyarthritis, rheumatic | atrophic Arthritis | rheumatoid arthritis',0.928124,'An arthritis that is an autoimmune disease which attacks healthy cells and tissue located_in joint.'),(112,'salivary gland cancer',0,0,175,'malignant neoplasm of major salivary gland | malignant neoplasm of salivary gland | malignant neoplasm of salivary gland duct | malignant tumor of the Major Salivary gland | malignant tumor of the Salivary gland | salivary gland cancer',NULL,'An oral cavity cancer that is located_in the salivary gland.'),(113,'sarcoma',8,0,244,'connective and soft tissue neoplasm | sarcoma | tumor of soft tissue and skeleton',0.983007,'A cell type cancer that has_material_basis_in abnormally proliferating cells derived_from embryonic mesoderm.'),(114,'schizophrenia',0,30,844,'schizophrenia | schizophrenia-1',NULL,'A psychotic disorder that is characterized by a disintegration of thought processes and of emotional responsiveness.'),(115,'sclerosing cholangitis',0,0,42,'Sclerosing cholangitis | Sclerosing cholangitis (disorder) | Sclerosing cholangitis unspecified (disorder) | fibrosing cholangitis | sclerosing cholangitis',NULL,NULL),(116,'skin cancer',9,0,173,'CA - skin cancer | cancer of skin | malignant neoplasm of skin | melanoma and Non-melanoma skin cancer | skin cancer',0.981179,'An integumentary system cancer located_in the skin that is the uncontrolled growth of abnormal skin cells.'),(117,'spinal cancer',0,0,70,'Intraspinal tumor | malignant tumor of the Spinal Cord | spinal cancer | spinal cord cancer | spinal cord neoplasm | spinal neoplasm | tumor of the Spinal Cord',NULL,'A central nervous system cancer that is located_in the spinal cord. It is mostly formed from metastases from primary cancers elsewhere (commonly breast, prostate, and lung cancer).'),(118,'stomach cancer',9,0,380,'Ca body - stomach | Ca lesser curvature - stomach (disorder) | ca greater curvature of stomach | gastric neoplasm | malignant neoplasm of body of stomach | malignant neoplasm of lesser curve of stomach unspecified (disorder) | malignant tumor of body of stomach (disorder) | malignant tumor of greater curve of stomach (disorder) | malignant tumor of lesser curve of stomach (disorder) | stomach cancer',0.951166,'A gastrointestinal system cancer that is located_in the stomach.'),(119,'systemic lupus erythematosus',13,7,255,'Lupus Erythematosus, systemic | SLE - Lupus Erythematosus, systemic | disseminated lupus erythematosus | systemic lupus erythematosus',0.955712,'A lupus erythematosus that is an inflammation of connective tissue marked by skin rashes, joint pain and swelling, inflammation of the kidneys and inflammation of the tissue surrounding the heart.'),(120,'systemic scleroderma',10,15,646,'PSS (progressive systemic sclerosis) | Scleroderma | Scleroderma (& [systemic sclerosis]) | Scleroderma syndrome | progressive systemic sclerosis | systemic scleroderma | systemic sclerosis',0.90517,'A scleroderma that is characterized by fibrosis (or hardening) of the skin and major organs, as well as vascular alterations, and autoantibodies.'),(121,'testicular cancer',11,0,84,'neoplasm of testis (disorder) | testicular cancer | testicular tumor | testicular tumor (disorder) | testis cancer | testis neoplasm',0.985295,'A male reproductive system cancer that is located_in the testicles.'),(122,'thoracic aortic aneurysm',0,0,62,'thoracic aortic aneurysm',NULL,'An aortic aneurysm that is located_in the thoracic aorta.'),(123,'thymus cancer',1,0,67,'Thymic tumor | neoplasm of thymus (disorder) | thymic neoplasm | thymus cancer',0.333116,'An immune system cancer located_in the thymus.'),(124,'thyroid cancer',4,0,105,'Thyroid gland neoplasm | malignant neoplasm of thyroid gland | malignant tumour of thyroid gland | neoplasm of thyroid gland | thyroid cancer | thyroid neoplasm',0.976858,'An endocrine gland cancer located_in the thryoid gland located in the neck below the thyroid cartilage.'),(125,'tracheal cancer',0,0,29,'Ca trachea | malignant Tracheal tumor | malignant neoplasm of trachea | malignant tumor of trachea (disorder) | tracheal cancer | tracheal neoplasm',NULL,'A respiratory system cancer that is located_in the trachea.'),(126,'type 1 diabetes mellitus',1,2,214,'IDDM | insulin-dependent diabetes mellitus | type 1 diabetes mellitus | type I diabetes mellitus',0.97918,'A diabetes mellitus that results from the body\'s failure to produce insulin and has_material_basis_in autoimmune destruction of insulin-producing beta cells of the pancreas.'),(127,'type 2 diabetes mellitus',22,0,358,'NIDDM | non-insulin-dependent diabetes mellitus | type 2 diabetes mellitus | type II diabetes mellitus',0.972865,'A diabetes mellitus that involves high blood glucose resulting from cells fail to use insulin properly.'),(128,'ulcerative colitis',16,0,690,'Left-sided ulcerative colitis | ulcerative colitis',0.963165,'A colitis that is predominantly confined to the mucosa located_in colon and includes characteristic ulcers, or open sores.'),(129,'ureter cancer',0,0,23,'malignant tumour of ureter | malignant ureteral tumor | ureter cancer',NULL,'A urinary system cancer that is located_in the ureter.'),(130,'urinary bladder cancer',11,0,187,'bladder cancer | tumor of the bladder | urinary bladder cancer',0.990653,'An urinary system cancer that results_in malignant growth located_in the urinary bladder.'),(131,'uterine cancer',7,0,159,'CA - cancer of uterus | Ca uterus NOS | Tumour of uterus | malignant neoplasm of uterus (disorder) | malignant uterine tumor | neoplasm of uterus (disorder) | uterine cancer | uterine tumor | uterus neoplasm',0.983018,'A female reproductive organ cancer that is located_in the uterus.'),(132,'uterine fibroid',0,0,470,'Plexiform leiomyoma | UTERUS FIBROMA | leiomyoma of Corpus Uteri | uterine fibroid | uterine leiomyoma',NULL,'A uterine benign neoplasm derived from the smooth muscle layer of the uterus.'),(133,'vaginal cancer',0,0,39,'malignant neoplasm of vagina | malignant tumor of vagina (disorder) | malignant vaginal tumor | neoplasm of vagina (disorder) | vagina neoplasm | vaginal cancer | vaginal tumor',NULL,'A female reproductive system cancer that is located_in the vagina.'),(134,'vascular cancer',0,0,70,'Blood Vessel neoplasm | Blood vessel tumor (morphologic abnormality) | Blood vessel tumors (morphologic abnormality) | Blood vessel tumour disorder | Haemangiomatous tumour | blood vessel neoplasm | leiomyosarcoma of the renal Vein | malignant great vessel tumor | malignant tumor of pulmonary Vein | malignant tumor of pulmonary artery | malignant vascular neoplasm | malignant vascular tumor | neoplasm of great vessel | pulmonary artery malignant neoplasm | pulmonary vein malignant neoplasm | renal vein leiomyosarcoma | vascular cancer | vascular tissue neoplasm | vascular tumors',NULL,'A cardiovascular cancer that is located_in blood vessels.'),(135,'vitiligo',1,1,73,'vitiligo',0.984385,'A hypersensitivity reaction type II disease that causes depigmentation of patches of skin resulting from loss of function or death of melanoctyes.'),(136,'vulva cancer',0,0,41,'Ca vulva | Vulvar tumor | malignant Vulvar tumor | malignant neoplasm of vulva unspecified | malignant neoplasm of vulva unspecified (disorder) | malignant neoplasm of vulva, NOS | malignant neoplasm of vulva, unspecified | malignant tumor of vulva (disorder) | neoplasm of vulva (disorder) | vulva cancer | vulval cancer | vulval neoplasm | vulvar neoplasm',NULL,NULL);
/*!40000 ALTER TABLE `diseases` ENABLE KEYS */;
UNLOCK TABLES;

--
-- Table structure for table `doctors`
--

DROP TABLE IF EXISTS `doctors`;
/*!40101 SET @saved_cs_client     = @@character_set_client */;
/*!40101 SET character_set_client = utf8 */;
CREATE TABLE `doctors` (
  `hospital_id` int(10) NOT NULL,
  `email` varchar(255) CHARACTER SET utf8mb4 NOT NULL,
  `phone` varchar(255) CHARACTER SET utf8mb4 NOT NULL,
  PRIMARY KEY (`email`)
) ENGINE=InnoDB DEFAULT CHARSET=utf8;
/*!40101 SET character_set_client = @saved_cs_client */;

--
-- Dumping data for table `doctors`
--

LOCK TABLES `doctors` WRITE;
/*!40000 ALTER TABLE `doctors` DISABLE KEYS */;
INSERT INTO `doctors` VALUES (45,'2-kltashmedakad@mail.ru','150-95-00'),(46,'3-klinikatma.uz','289-43-43 289-43-44 (90)175-89-16'),(9,'a.lyubich@mail.ru','260-28-80'),(2,'a.qayumov@gmail.com','267-12-19'),(17,'abduhakim.muminov@minzdrav.uz','279-34-57'),(54,'abdullaeva.kh@minzdrav.uz','268-17-14'),(53,'ahror.yrkulov@minzdrav.uz','267-15-23'),(83,'aliev@gmail.com','264-50-83'),(79,'alimov@gmail.com','960-69-86'),(60,'alonur.saidov@minzdrav.uz','278-79-35'),(20,'avazbek.jalolov@mail.ru','278-07-30'),(78,'babadjanov.a@mail.ru','246-24-25'),(25,'bahrom.almatov@minzdrav.uz','276-59-28'),(80,'bakhti@mail.ru','289-48-92'),(76,'bolkunova@mail.ru','233-38-22'),(13,'cardio@sarkor.com  ,  cardiocenter@mail.ru','237-36-88'),(29,'centr.uzb@mail.ru','150-94-90'),(67,'Chimgan2014@mail.ru','742-23-134'),(7,'dilorom.ahmedova@minzdrav.uz','229-38-73'),(33,'eldor306@mail.ru','260-46-45'),(12,'endocrin@uzsci.net','262-27-02'),(14,'eye-center@inbox.ru','217-49-34'),(22,'f.akilov@minzdrav.uz','246-61-03'),(64,'fauzllaev7177@vfil,ru','277-45-94'),(65,'gavkhar/abduraupova@minzdrav.uz','9463553'),(43,'gigiena_niisgz@mail.ru','266-69-56'),(63,'habibulla.Jalilov@minzdrav.uz','244-48-23'),(42,'ibragim.yrinboev@minzdrav.uz','241-54-40'),(56,'info@enver.uz','214-51-23'),(8,'info@gynecology.uzsci.net','263-78-30'),(15,'info@rkob.uz','227-14-42'),(71,'info@ssgzt.uz','233-13-22'),(55,'info@tipme.uz','268-17-44'),(44,'INFOQ1-klinikatma.uz','150-97-00'),(86,'inspeksiya-kadr@mail.uz','94-634-23-95'),(73,'j.yunusov@gmail.com','289-44-58'),(61,'javlonbek1974@yahoo.com','250-87-20'),(16,'kariev@bcc.com.uz uzneurosurgery@qmail.com','264-96-30'),(3,'kh.gabidullin@mail.ru','267-47-03'),(4,'khamidulla@mamadullaev.uz','268-34-95'),(5,'Kholmatov@gmail.com','268-08-19'),(24,'m.madaminov@minzdrav.uz','246-36-84'),(57,'mail@tashpmi,uz','260-31-26'),(70,'makhsumova@mail.ru','233-40-53'),(1,'minzdrav@med.ru','241-16-91'),(28,'n.atabekov@minzdrav.uz','276-95-23'),(19,'nationaltbuz@mail.ru','278-04-70'),(39,'niidiv@mail.ru','214-50-98'),(32,'niito-tashkent@yandex.ru','233-10-30'),(77,'o.davronbekov@minzdrav.uz','283-77-38'),(87,'odamsavdosi2008@mail,ru','71-277-65-83'),(48,'olimjan_rkb@mail.ru','233-42-32'),(59,'pharm,@bcc,com uz,','256-37-38'),(35,'r.isamitdinova@minzdrav.uz','243-36-05'),(82,'rasul-1981@mail.ru','1509514'),(10,'rcrzn@minzdrav.uz','289-71-74'),(52,'rdpnb@mail.ru','267-73-50'),(51,'Respsih@mail.ru','258-35-12'),(49,'rkbg.@minzdrav,uz,','289-21-63'),(40,'rkvkb.@','299-99-79'),(62,'rpat-uz@mail.ru','214-50-11'),(84,'saidov@mail.ru','264-23-96'),(41,'Salohhud@mail.ru','234-55-00'),(18,'sarimbekn@list.ru','227-13-27'),(11,'screening.uz@mail.ru','2602846'),(21,'Shahnoza.Sagdullaeva@mail.ru','214-55-06'),(66,'Shoumarov@mail.ru','264-25-26'),(72,'sihat@list.ru','268-17-54'),(31,'sport-trauma.uz@mail.ru','249-58-45'),(37,'stitsyuk@gmail.com','998988888998'),(88,'sultanov@mail.ru','78-288-22-43'),(36,'svetosip7@mail.ru','243-36-05'),(69,'tahir.turdiev@minzdrav.uz','224-67-15   0369-2246420'),(47,'tpmi@uzsci.net','262-96-62'),(50,'trkkrksh@minzdrav.uz','248-50-93'),(58,'tta2005@mail.ru','214-83-11'),(68,'tub,sanatoriya@mail,ru','943010757'),(85,'turdibekov@gmail.com','264-14-96'),(74,'Urinbaev.a@mail.ru','277-26-13'),(75,'usmonkhudjaev@mail.ru','273-47-82'),(30,'vakhidov@uzcsi.net','277-26-42'),(38,'virology.Institute@gmail.Com.','224-83-26'),(23,'www.narkosentr.uz','150-78-95'),(34,'www.zuzu. 2001.uz','71-260-63-30'),(27,'xasan 33001987@mail.ru','246-97-14'),(26,'Z.Hadzhimuhamedov@mail.ru','215-61-42'),(81,'zayni-bek@umail.uz','235-45-05'),(6,'zulkhumor.mutalova@minzdrav.uz   alimdjan.madaliev@minzdrav.uz','267-62-44');
/*!40000 ALTER TABLE `doctors` ENABLE KEYS */;
UNLOCK TABLES;

--
-- Table structure for table `hospitals`
--

DROP TABLE IF EXISTS `hospitals`;
/*!40101 SET @saved_cs_client     = @@character_set_client */;
/*!40101 SET character_set_client = utf8 */;
CREATE TABLE `hospitals` (
  `id` int(10) NOT NULL AUTO_INCREMENT,
  `name` varchar(255) DEFAULT NULL,
  `address` varchar(255) DEFAULT NULL,
  PRIMARY KEY (`id`)
) ENGINE=InnoDB AUTO_INCREMENT=89 DEFAULT CHARSET=utf8;
/*!40101 SET character_set_client = @saved_cs_client */;

--
-- Dumping data for table `hospitals`
--

LOCK TABLES `hospitals` WRITE;
/*!40000 ALTER TABLE `hospitals` DISABLE KEYS */;
INSERT INTO `hospitals` VALUES (1,'﻿ЎZBEKISTON RESPUBLIKASI SOҒLIQNI SAQLASh VAZIRLIGI ','Shayhontohur tumani, Navoiy kuchasi, 12'),(2,'RESPUBLIKA TAShQI IQTISODIY FAOLIYaTINI MUVOFIQLAShTIRISh  DEPARTAMENTI','Shayhontohur tumani, Navoiy kuchasi, 13'),(3,'\"RESPUBLIKA  SSV  \"\"REZERV\"\" BIRLAShMASI\"','Mirzo Uluғbek tumani, Parkent kuchasi, 51'),(4,'RESPUBLIKA  SSV  HUSUSIYLAShTIRISh VA PULLIK HIZMATNI TAShKIL eTISh  BЎLIMI','Mirzo Uluғbek tumani, Parkent kuchasi, 51'),(5,'\"RESPUBLIKA  SSV \"\"SALOMATLIK-3\"\"  LOYIHASINI AMALGA OShIRISh  BYuROSI\"','Mirzo Uluғbek tumani, Parkent kuchasi, 51'),(6,'RESPUBLIKA  SSV  ZhAMIYaT SALOMATLIGI VA SOҒLIQNI SAQLAShNI TAShKIL QILISh ILMIY TADQIQOT INSTITUTI ','Mirzo Uluғbek tumani, M.Uluғbek kuchasi, 38'),(7,'RESPUBLIKA   IHTISOSLAShTIRILGAN PEDIATRIYa ILMIY-AMALIY TIBBIIoT MARKAZI  ','Olmazor tumani, 2-Chimboy kuchasi, talant tor 3uy'),(8,'RESPUBLIKA  IHTISOSLAShTIRILGAN AKUShERLIK VA GINEKOLOGIYa  ILMIY-AMALIY TIBBIIoT MARKAZI','Mirzo Uluғbek tumani, M.Uluғbek kuchasi, 132-a'),(9,'RESPUBLIKA PERINATAL MARKAZI ','Yunusobod tumani, Boғishamol kuchasi, 223'),(10,'RESPUBLIKA AҲOLI REPRODUKTIV SALOMATLIK MARKAZI','Yashnaobod tumani, Taraққiiot kuchasi, 103'),(11,'\"RESPUBLIKA  \"\"ONA VA BOLA SKRINING\"\" MARKAZI\"','Yunusobod tumani, Boғishamol 3-tor kuchasi, 5'),(12,'RESPUBLIKA IHTISOSLAShTIRILGAN eNDOKRINOLOGIYa ILMIY-AMALIY TIBBIIoT MARKAZI Io H Turakulov','Mirzo Uluғbek tumani, M.Uluғbek kuchasi, 56'),(13,'RESPUBLIKA IHTISOSLAShTIRILGAN KARDIOLOGIYa ILMIY-AMALIY TIBBIIoT MARKAZI','Mirzo Uluғbek tumani, Osiio kuchasi, 4'),(14,'\"RESPUBLIKA IHTISOSLAShTIRILGAN KЎZ MIKROHIRURGIYaSI MARKAZI \"\"AZh\"\"  \"','Uchtepa tumani, Kichik halқa yuli, 14'),(15,'RESPUBLIKA KЎZ KASALLIKLARI KLINIK ShIFOHONASI  ','Olmazor tumani, Ziio kuchasi, 12'),(16,'RESPUBLIKAIHTISOSLAShTIRILGAN  NEYROHIRURGIYa ILMIY -AMALIY TIBBIIoT MARKAZI','Mirzo Uluғbek tumani, Humoyun mavzesi, 40'),(17,'RESPUBLIKA ShOShILINCh TIBBIY IoRDAM ILMIY MARKAZI','Chilonzor tumani, Kichik halka (Farhod kuchasi),2'),(18,'RESPUBLIKA IHTISOSLAShTIRILGAN ONKOLOGIYa VA RADIOLOGIYa ILMIY-AMALIY TIBBIIoT MARKAZI','Shayhontohur tumani Farobiy kuchasi, 383'),(19,'Sh.A. ALIMOV nomli  RESPUBLIKA  FTIZIATRIYa VA PULYMONOLOGIYa ILMIY-AMALIY TIBBIIoT MARKAZI','Shayhontohur tumani, Sh.Alimov kuchasi, 1'),(20,'RESPUBLIKA DOTS (DOTS)  MARKAZI (Silga қarshi kurash dasturi )','Shayhontohur tumani, Sh.Alimov kuchasi, 1'),(21,'RESPUBLIKA  ILMIY-IHTISOSLAShGAN ALLERGOLOGIYa MARKAZI','Olmazor tumani, Farobiy kuchasi, 2'),(22,'RESPUBLIKA  IHTISOSLAShTIRILGAN UROLOGIYa MARKAZI','Olmazor tumani, Hodzhaev kuchasi, 1-berk kucha, 1'),(23,'RESPUBLIKA NARKOLOGIYa MARKAZI ','Toshkent viloyati, Qibray tumani, Solor shaharchasi, Orom kuchasi, 1'),(24,'RESPUBLIKA ULAT KARANTIN VA ЎTA HAVFLI YuQUMLI KASALLIKLAR MUHOFAZASI  MARKAZI','Shayhontohur tumani, eshon Bobohon kuchasi, 2'),(25,'RESPUBLIKA  DSeNM - DAVLAT SANITARIYa-ePIDEMIOLOGIYa NAZORATI MARKAZI','Chilonzor tumani, Buniodkor kuchasi, 46'),(26,'ЎZBEKISTON HAVO YЎLLARI MAK DSeNM - DAVLAT SANITARIYa-ePIDEMIOLOGIYa NAZORATI MARKAZI','Mirzo Uluғbek tumani, Aviasozlar shaҳarchasi,  25-a uy'),(27,'RESPUBLIKA  DEZINFEKTsIYa STANTsIYaSI','Olmazor tumani,  Beruniy kuchasi, 371 uy'),(28,'RESPUBLIKA   OITSga QARShI KURASh MARKAZI','Chilonzor tumani, 16-mavze, Farhod kuchasi, 12'),(29,'RESPUBLIKA   BOLALAR KAM INVAZIV VA eNDOSKOPIK HIRURGIYa ILMIY-AMALIY MARKAZI','\"Olmazor tumani, \"\"Farobiy\"\" kuchasi, 2 uy.  TTA, 8 korpus, 3 etazh\"'),(30,'AKADEMIK V. VOHIDOV nomli RESPUBLIKA IHTISOSLAShTIRILGAN ZhARROHLIK MARKAZI ','Chilonzor tumani, Farhod kuchasi, 10'),(31,'RESPUBLIKA   SPORT ZhAROHAT MARKAZI  ','Yashnobod tumani, Taraққiiot kuchasi, 78 (Beruniy -3 arenda)'),(32,'TRAVMATOLOGIYa VA ORTOPEDIYa ILMIY AMALIY TIBBIIoT MARKAZI','Yashnaobod tumani, Taraққiiot kuchasi, 78'),(33,'RESPUBLIKA  BOLALAR ORTOPEDIYa MARKAZI','Toshkent viloyati, Qibray tumani, Solor shaharchasi, Oliygoҳ kuchasi, 8'),(34,'RESPUBLIKA BOLALAR TAYaNCh-HARAKAT TIZIMI KASALLIKLARI REABILITATsIYa MARKAZI','Toshkent viloyati, Qibray tumani, Solor shaharchasi, Bobur kuchasi, 4'),(35,'RESPUBLIKA  ePIDEMIOLOGIYa, MIKROBIOLOGIYa VA YuQUMLI KASALLIKLAR KASALLIKLAR ILMIY TEKShIRISh INSTITUTI va KLINIKASI','Uchtepa tumani, Zakovat kuchasi, 2'),(36,'\"RESPUBLIKA \"\"ODAM MIKOZLARINI QЎZҒATUVChI ZAMBURUҒ TURLARI KOLLEKTsIYaSI MIKOLOGIYa LABORATORIYaSI VA MUZEYI\"\"\"','Uchtepa tumani, Reshetov  kuchasi, 2'),(37,'BЎҒMA (DIFTERIYa) KASALLIGIGA BAKTERIOLOGIK DIAGNOZ QЎYISh MARKAZI','Mirzo Uluғbek tumani, Parkent kuchasi, 51 uy'),(38,'RESPUBLIKA  VIRUSOLOGIYa ILMIY TEKShIRISh INSTITUTI  ','Yunusobod tumani, Yangishahar kuchasi, 7-a'),(39,'RESPUBLIKA   IHTISOSLAShTIRILGAN DERMATOLOGIYa VA VENEROLOGIYa ILMIY-AMALIY TIBBIIoT MARKAZI','\"Olmazor tumani, \"\"Farobiy\"\" kuchasi, 2 uy\"'),(40,'RESPUBLIKA   TERI-TANOSIL KLINIK KASALHONASI','Mirobod tumani, Nukus kuchasi, 1 proezd, 14'),(41,'RESPUBLIKA  TERAPIYa VA TIBBIY REABILITATsIYa ILMIY-AMALIY TIBBIIoT MARKAZI','Yunusobod tumani, Hurshid kuchasi, 4'),(42,'ЎSMIRLAR VA ChAQIRILUVChI IoShLARGA TIBBIY IoRDAMNI TAShKIL eTISh RESPUBLIKA  MARKAZI ','Shayhontohur tumani, Navoiy kuchasi, 12'),(43,'SANITARIYa GEGIENA VA KASB KASALLIKLAR  ILMIY TADQIQOT INSTITUTI ','Mirzo Uluғbek tumani, Oltintepa kuchasi, 325'),(44,'TOShKENT RESPUBLIKA TIBBIIoT AKADEMIYaSI  №1-son KLINIKASI','Olmazor tumani, Hodzhaev kuchasi, 2'),(45,'TOShKENT RESPUBLIKA TIBBIIoT AKADEMIYaSI  №2-son KLINIKASI','\"Olmazor tumani, \"\"Farobiy\"\" kuchasi, 2 uy\"'),(46,'TOShKENT RESPUBLIKA TIBBIIoT AKADEMIYaSI  №3-son KLINIKASI','Yashnaobod tumani, Taraққiiot kuchasi, 103'),(47,'RESPUBLIKA  PEDIATRIYa TIBBIIoT INSTITUTINING  KLINIKASI  ','Yunusobod tumani, Boғishamol kuchasi, 223'),(48,'RESPUBLIKA  1-son  KLINIK ShIFOHONASI','Mirobod tumani, Sodiқ Azimov kuchasi, 74'),(49,'RESPUBLIKA  2-son  KLINIK ShIFOHONASI','Mirzo Uluғbek tumani, Uluғbek shaҳarchasi, Buloқsoy kuchasi, 1'),(50,'RESPUBLIKA KUZATUV KUChAYTIRILGAN RUHIY KASALLIKLAR ShIFOHONASI','Olmazor tumani, Chuқursoy kuchasi, 149'),(51,'RESPUBLIKA  KLINIK RUHIY ShIFOHONASI   ','Sergeli tumani, Yuldosh dahasi, 4'),(52,'U.K. QURBONOV nomli  RESPUBLIKA  BOLALAR RUHIY-ASAB KASALHONASI','Mirzo Uluғbek tumani, Olmachi kuchasi, 1 '),(53,'VRAChLAR VA FARMATsEVTLARNI ATTESTATsIYaDAN ЎTKAZISh VA LITsENZIYa BERISh  RESPUBLIKA  MARKAZI ','Mirzo Uluғbek tumani, Parkent kuchasi, 51'),(54,'RESPUBLIKA   TIBBIY TAALIMNI RIVOZhLANTIRISh MARKAZI','Mirzo Uluғbek tumani, Parkent kuchasi, 51'),(55,'RESPUBLIKA  VRAChLAR MALAKASINI OShIRISh INSTITUTI','Mirzo Uluғbek tumani, Parkent kuchasi, 51'),(56,'ЎRTA TIBBIIoT VA DORIShUNOS HODIMLARINI MALAKASINI OShIRISh VA IHTISOSLAShTIRISh RESPUBLIKA MARKAZI ','Olmazor tumani, Karimov kuchasi, 45'),(57,'TOShKENT RESPUBLIKA  PEDIATRIYa TIBBIIoT INSTITUTI   ','Yunusobod tumani, Zhaҳon Obidova kuchasi, 223'),(58,'TOShKENT  TIBBIIoT AKADEMIYaSI ','Olmazor tumani, Farobiy kuchasi, 3'),(59,'TOShKENT FARMATsEVTIKA INSTITUTI   ','Mirobod tumani, Afrosiiob kuchasi, 45'),(60,'RESPUBLIKA  GEMATOLOGIYa VA QON QUYISh ILMIY TEKShIRISh INSTITUTI ','Chilonzor tumani, Buniodkor kuchasi, 42'),(61,'RESPUBLIKA SUD-TIBBIY eKSPERTIZA BOSh BYuROSI','Yakkasaroy tumani, Boғubuston, 143'),(62,'RESPUBLIKA PATOLOGO-ANOTOMIK MARKAZI  ','Olmazor tumani, F.Hadzhaev kuchasi, 11'),(63,'RESPUBLIKA  DORI VOSITALARI eKSPERTIZASI VA STANDARTIZATsIYaSI DAVLAT MARKAZI','Olmazor tumani, Usmonhuzhaev kuchasi, Umarov tor kuchasi, 16'),(64,'RESPUBLIKA STOMATOLOGIK POLIKLINIKASI ','Chilonzor tumani, Nurhon kuchasi, 16-a'),(65,'RESPUBLIKA MARKAZIY KONSULYTATIV DIAGNOSTIK POLIKLINIKA','Yashnaobod tumani, Qorasuv kuchasi, 25'),(66,'RESPUBLIKA  BOLALAR SUYaK SILI SANATORIYaSI ,  Mirzo Uluғbek tumani  ','Mirzo Uluғbek tumani, Buyuk ipak yuli kuchasi, 425'),(67,'\"RESPUBLIKA  BOLALAR SIL KASALLIKLARIGA QARShI  \"\"ChIMGAN\"\" SANATORIYaSI\"','Toshkent viloyati, Bustonliқ tumani, Chimgan қishloғi'),(68,'\"\"\"PARDA-TURSUN\"\" nomli RESPUBLIKA FTIZIATRIYa SANATORIYaSI     \"','Namangan viloyati, Pop tumani, Parda-Tursun қishloғi'),(69,'\"RESPUBLIKA FTIZIATRIYa-PULYMONOLOGIYa  \"\"PAHATALIKKЎL\"\"  SANATORIYaSI  \"','Namangan viloyati, Namangan shahar, Pahtalikkul kuchasi, 1'),(70,'K.S. ZOIROV nomli ЎZBEKISTON SOҒLIQNI SAQLASh  MUZEYI    ','Mirobod tumani, Ohunboboev kuchasi, 30'),(71,'\"\"\"ЎZBEKISTONDA SOҒLIQNI SAQLASh\"\" , \"\"ZDRAVOOHRANENIE UZBEKISTANA\"\"  RESPUBLIKA GAZETASI  TAHRIRIYaTI    \"','Mirobod tumani, Ohunboboev kuchasi, 30'),(72,'\"\"\"SIHAT-SALOMATLIK\"\"  RESPUBLIKA ZhURNALI TAHRIRIYaTI  \"','Mirzo Uluғbek tumani, Parkent kuchasi, 51 uy'),(73,'\"ЎZBEKISTON TIBBIIoT ZhIRNALI\"\", \"\"MEDITsINSKIY ZhURNAL UZBEKISTANA\"\"  RESPUBLIKA ZhURNALI TAHRIRIYaTI\"','Yashnaobod tumani, Taraққiiot kuchasi, 103'),(74,'\"Respublika  ihtisoslashtirilgan zharrohlik markazining  \"\"ЎZBEKISTON HIRURGIYaSI\"\"  ZhURNALI REDAKTsIYaSI \"','Chilonzor tumani, Farҳod kuchasi, 10'),(75,'\"RESPUBLIKA SOҒLIQNI SAQLASh VAZIRLIGIning  \"\"HAMShIRA\"\" zhurnal  tahririyati \"','Chilonzor tumani, 8-daha, Qatortol kuchasi, 60'),(76,'RESPUBLIKA   DAVLAT ILMIY-TIBBIIoT KUTUBHONASI DIREKTsIYaSI','Mirobod tumani, Istiқbol kuchasi, 30'),(77,'RESPUBLIKA  SSVning   AVTOHЎZhALIGI             ','Mirobod tumani, Sarikul 3-tor kuchasi,  13'),(78,'\"\"\"NIHOL\"\" - TAZhRIBA ZAVODI\"','Olmazor tumani, Farobiy kuchasi, 383'),(79,'RESPUBLIKA  SSV - TOShKENT KISLOROD ZAVODI    ','Chilonzor tumani, Chilonzor kuchasi, 86 '),(80,'TOShKENT DAVLAT STOMATOLOGIYa INSTITUT KLINIKASI               ','Yashnobod tumani, Taraққiiot kuchasi-103-uy'),(81,'RESPUBLIKA  NOGIRONLARNI REABILITATsIYa QILISh VA PROTEZLASh MILLIY  MARKAZI                                   ','Mirzo Ulugbek tumani, Darhon-tepa kuchasi, 5-a'),(82,'RESPUBLIKA  HIRURGIK ANGIONEVROLOGIYa IHTISOSLAShTIRILGAN MARKAZI                      ','Olmazor tumani, Farobiy kuchasi, 2'),(83,'URUSh VA MEҲNAT FAHRIYLARI UChUN RESPUBLIKA PANSIONATI',''),(84,'RESPUBLIKA QON KUYISh MARKAZI','Yakkasaroy tumani Sh.Rustaveli kuchasi 138 uy'),(85,'\"TOShKENT VILOYaTI \"\"TOVOQSOY\"\" SANATORIYaSI\"',''),(86,'Ўzbekiston Respublikasi Soғliқni saқlash vazirligi Respublika tibiy izhtimoiy ekspertiza inspektsiyasi','Toshkent shaҳar Chilonzor tumani. Novza kuchasi 14 uy'),(87,'\"\"\"Odam savdosi zhabirdiydalariga iordam berish  buyicha Respublika reabilitatsiya markazi\"','Chilozor-3-18'),(88,'Toshkent shahar tez tibbiy iordam stantsiyasi','Toshkent sh. Yu.Obod tumani M-4, 17 a uy');
/*!40000 ALTER TABLE `hospitals` ENABLE KEYS */;
UNLOCK TABLES;

--
-- Table structure for table `queues`
--

DROP TABLE IF EXISTS `queues`;
/*!40101 SET @saved_cs_client     = @@character_set_client */;
/*!40101 SET character_set_client = utf8 */;
CREATE TABLE `queues` (
  `doctor_email` varchar(255) NOT NULL,
  `patient_email` varchar(255) NOT NULL,
  `order` int(10) NOT NULL DEFAULT '0',
  PRIMARY KEY (`doctor_email`,`patient_email`),
  KEY `patient_email` (`patient_email`),
  CONSTRAINT `queues_ibfk_1` FOREIGN KEY (`doctor_email`) REFERENCES `doctors` (`email`) ON DELETE CASCADE ON UPDATE CASCADE,
  CONSTRAINT `queues_ibfk_2` FOREIGN KEY (`patient_email`) REFERENCES `users` (`email`)
) ENGINE=InnoDB DEFAULT CHARSET=utf8mb4;
/*!40101 SET character_set_client = @saved_cs_client */;

--
-- Dumping data for table `queues`
--

LOCK TABLES `queues` WRITE;
/*!40000 ALTER TABLE `queues` DISABLE KEYS */;
INSERT INTO `queues` VALUES ('info@enver.uz','bolkunova@mail.ru',2),('info@enver.uz','enver1323@gmail.com',1);
/*!40000 ALTER TABLE `queues` ENABLE KEYS */;
UNLOCK TABLES;

--
-- Table structure for table `users`
--

DROP TABLE IF EXISTS `users`;
/*!40101 SET @saved_cs_client     = @@character_set_client */;
/*!40101 SET character_set_client = utf8 */;
CREATE TABLE `users` (
  `name` varchar(255) CHARACTER SET utf8mb4 NOT NULL,
  `email` varchar(255) CHARACTER SET utf8mb4 NOT NULL,
  `password` varchar(255) CHARACTER SET utf8mb4 NOT NULL,
  PRIMARY KEY (`email`)
) ENGINE=InnoDB DEFAULT CHARSET=latin1;
/*!40101 SET character_set_client = @saved_cs_client */;

--
-- Dumping data for table `users`
--

LOCK TABLES `users` WRITE;
/*!40000 ALTER TABLE `users` DISABLE KEYS */;
INSERT INTO `users` VALUES ('Yuldashev Iorkin Karimovich','2-kltashmedakad@mail.ru','42feb6dc55066d622cbd9a02776bdd8f'),('Drustamova Dilorom Malikovna','3-klinikatma.uz','42feb6dc55066d622cbd9a02776bdd8f'),('A.Lyubchich','a.lyubich@mail.ru','42feb6dc55066d622cbd9a02776bdd8f'),('A.Qayumov','a.qayumov@gmail.com','42feb6dc55066d622cbd9a02776bdd8f'),('Abduhakim Muminovich Hodzhibaev','abduhakim.muminov@minzdrav.uz','42feb6dc55066d622cbd9a02776bdd8f'),('H.Abdullaeva','abdullaeva.kh@minzdrav.uz','42feb6dc55066d622cbd9a02776bdd8f'),('A.B.Yarkulov','ahror.yrkulov@minzdrav.uz','42feb6dc55066d622cbd9a02776bdd8f'),('Bekhzod','aliev@gmail.com','42feb6dc55066d622cbd9a02776bdd8f'),('Alimov ','alimov@gmail.com','42feb6dc55066d622cbd9a02776bdd8f'),('A.Kayumov','alonur.saidov@minzdrav.uz','42feb6dc55066d622cbd9a02776bdd8f'),('G.Uzokova','avazbek.jalolov@mail.ru','42feb6dc55066d622cbd9a02776bdd8f'),('Babadzhanov A','babadjanov.a@mail.ru','42feb6dc55066d622cbd9a02776bdd8f'),('Almatov Bahrom Ibragimovich','bahrom.almatov@minzdrav.uz','42feb6dc55066d622cbd9a02776bdd8f'),('Bahtiior Fayzullaev','bakhti@mail.ru','42feb6dc55066d622cbd9a02776bdd8f'),('Bolkunova','bolkunova@mail.ru','42feb6dc55066d622cbd9a02776bdd8f'),('R.D.Kurbanov','cardio@sarkor.com  ,  cardiocenter@mail.ru','42feb6dc55066d622cbd9a02776bdd8f'),('Bobir Zakirovich Abdusamatov','centr.uzb@mail.ru','42feb6dc55066d622cbd9a02776bdd8f'),('N.Niiozmetov','Chimgan2014@mail.ru','42feb6dc55066d622cbd9a02776bdd8f'),('Ahmedova Dilorom Ilhamovna','dilorom.ahmedova@minzdrav.uz','42feb6dc55066d622cbd9a02776bdd8f'),('Kadirov Iftihor Murodzhanovich','eldor306@mail.ru','42feb6dc55066d622cbd9a02776bdd8f'),('A.V.Alimov ','endocrin@uzsci.net','42feb6dc55066d622cbd9a02776bdd8f'),('Enver Menadjiev','enver1323@gmail.com','42feb6dc55066d622cbd9a02776bdd8f'),('A.F.Yusupov','eye-center@inbox.ru','42feb6dc55066d622cbd9a02776bdd8f'),('Sh.Tursunov','f.akilov@minzdrav.uz','42feb6dc55066d622cbd9a02776bdd8f'),('Fayzullaev Sadulla Asadullaevich ','fauzllaev7177@vfil,ru','42feb6dc55066d622cbd9a02776bdd8f'),('D.Saidova','gavkhar/abduraupova@minzdrav.uz','42feb6dc55066d622cbd9a02776bdd8f'),('Usmanov Ravshan Zhahongirovich','gigiena_niisgz@mail.ru','42feb6dc55066d622cbd9a02776bdd8f'),('Yusuf','habibulla.Jalilov@minzdrav.uz','42feb6dc55066d622cbd9a02776bdd8f'),('I.Urinbaev','ibragim.yrinboev@minzdrav.uz','42feb6dc55066d622cbd9a02776bdd8f'),('Enver','info@enver.uz','42feb6dc55066d622cbd9a02776bdd8f'),('Mavluda Hamzaevna Hayrutdinova','info@gynecology.uzsci.net','42feb6dc55066d622cbd9a02776bdd8f'),('Ikramov Otabek Isakovich','info@rkob.uz','42feb6dc55066d622cbd9a02776bdd8f'),('SSgzt','info@ssgzt.uz','42feb6dc55066d622cbd9a02776bdd8f'),('Akilov Habulla Ataullaevich ','info@tipme.uz','42feb6dc55066d622cbd9a02776bdd8f'),('Tuychiev Laziz Nodirovich','INFOQ1-klinikatma.uz','42feb6dc55066d622cbd9a02776bdd8f'),('Nazarmatov Umarali ergashevich','inspeksiya-kadr@mail.uz','42feb6dc55066d622cbd9a02776bdd8f'),('Jasur','j.yunusov@gmail.com','42feb6dc55066d622cbd9a02776bdd8f'),('Iskandarov Alisher Iskandarovich','javlonbek1974@yahoo.com','42feb6dc55066d622cbd9a02776bdd8f'),('Kariev Gayrat Maratovich gl.vrach D.B.Mirazimov','kariev@bcc.com.uz uzneurosurgery@qmail.com','42feb6dc55066d622cbd9a02776bdd8f'),('H.Gabidullin','kh.gabidullin@mail.ru','42feb6dc55066d622cbd9a02776bdd8f'),('Khamidulla','khamidulla@mamadullaev.uz','42feb6dc55066d622cbd9a02776bdd8f'),('Siyavushkhon Kh','Kholmatov@gmail.com','42feb6dc55066d622cbd9a02776bdd8f'),('Direktor Saydaliev Saydimurat Saydiganievich','m.madaminov@minzdrav.uz','42feb6dc55066d622cbd9a02776bdd8f'),('Ahmelova Dilorom Ilhamovna ','mail@tashpmi,uz','42feb6dc55066d622cbd9a02776bdd8f'),('Mahsumova ','makhsumova@mail.ru','42feb6dc55066d622cbd9a02776bdd8f'),('A.K.Shadmanov ','minzdrav@med.ru','42feb6dc55066d622cbd9a02776bdd8f'),('Yuldashev Kahramon Holdorovich','n.atabekov@minzdrav.uz','42feb6dc55066d622cbd9a02776bdd8f'),('Parpieva Nargiza Nusratovna','nationaltbuz@mail.ru','42feb6dc55066d622cbd9a02776bdd8f'),('U.Sobirov','niidiv@mail.ru','42feb6dc55066d622cbd9a02776bdd8f'),('Azizov M.Zh ','niito-tashkent@yandex.ru','42feb6dc55066d622cbd9a02776bdd8f'),('Otabek','o.davronbekov@minzdrav.uz','42feb6dc55066d622cbd9a02776bdd8f'),('Qodirov Muradin Holmatovich','odamsavdosi2008@mail,ru','42feb6dc55066d622cbd9a02776bdd8f'),('Husanov Anvar Mirzaakbarovich ','olimjan_rkb@mail.ru','42feb6dc55066d622cbd9a02776bdd8f'),('A.Yunushodzhaev','pharm,@bcc,com uz,','42feb6dc55066d622cbd9a02776bdd8f'),('Nurmat Satiniyazovich Atabekov','r.isamitdinova@minzdrav.uz','42feb6dc55066d622cbd9a02776bdd8f'),('Karimov Shovkat Ibragimovich','rasul-1981@mail.ru','42feb6dc55066d622cbd9a02776bdd8f'),('L.Rahimova','rcrzn@minzdrav.uz','42feb6dc55066d622cbd9a02776bdd8f'),('Sh.Nurmatova','rdpnb@mail.ru','42feb6dc55066d622cbd9a02776bdd8f'),('S.Tilovov','Respsih@mail.ru','42feb6dc55066d622cbd9a02776bdd8f'),('Z.Abdurahmanova','rkbg.@minzdrav.uz','42feb6dc55066d622cbd9a02776bdd8f'),('O.Ibragimov','rkvkb.@','42feb6dc55066d622cbd9a02776bdd8f'),('A.Iskandarov','rpat-uz@mail.ru','42feb6dc55066d622cbd9a02776bdd8f'),('Saidov Aalonur ','saidov@mail.ru','42feb6dc55066d622cbd9a02776bdd8f'),('K.Muminov','Salohhud@mail.ru','42feb6dc55066d622cbd9a02776bdd8f'),('Tillyashayhov Mirzagolib Negmatovich','sarimbekn@list.ru','42feb6dc55066d622cbd9a02776bdd8f'),('M. K.Sharipova ','screening.uz@mail.ru','42feb6dc55066d622cbd9a02776bdd8f'),('Sh.Sagdullaeva','Shahnoza.Sagdullaeva@mail.ru','42feb6dc55066d622cbd9a02776bdd8f'),('Shoumarov Sanat Bahramovich','Shoumarov@mail.ru','42feb6dc55066d622cbd9a02776bdd8f'),('Sihat','sihat@list.ru','42feb6dc55066d622cbd9a02776bdd8f'),('Iskandarov Temur Iskandarovich','sport-trauma.uz@mail.ru','42feb6dc55066d622cbd9a02776bdd8f'),('Artem ','stitsyuk@gmail.com','42feb6dc55066d622cbd9a02776bdd8f'),('D.T.Sultanov','sultanov@mail.ru','42feb6dc55066d622cbd9a02776bdd8f'),('S.Osipova','svetosip7@mail.ru','42feb6dc55066d622cbd9a02776bdd8f'),('Tahir Turdiev','tahir.turdiev@minzdrav.uz','42feb6dc55066d622cbd9a02776bdd8f'),('Usmanova Guliraano Mallabaevna','tpmi@uzsci.net','42feb6dc55066d622cbd9a02776bdd8f'),('Usmanov Ulugbek Maratovich, ','trkkrksh@minzdrav.uz','42feb6dc55066d622cbd9a02776bdd8f'),('L.Tuychiev','tta2005@mail.ru','42feb6dc55066d622cbd9a02776bdd8f'),('Abdullaev','tub,sanatoriya@mail,ru','42feb6dc55066d622cbd9a02776bdd8f'),('Alisher','turdibekov@gmail.com','42feb6dc55066d622cbd9a02776bdd8f'),('Aziz','Urinbaev.a@mail.ru','42feb6dc55066d622cbd9a02776bdd8f'),('Usmonhuzhaev A','usmonkhudjaev@mail.ru','42feb6dc55066d622cbd9a02776bdd8f'),('Nazirov Feruz Gafurovich','vakhidov@uzcsi.net','42feb6dc55066d622cbd9a02776bdd8f'),('Musabaev erkin Isakovich','virology.Institute@gmail.Com.','42feb6dc55066d622cbd9a02776bdd8f'),('Burihodzhaev Gulom Numonovich','www.narkosentr.uz','42feb6dc55066d622cbd9a02776bdd8f'),('Solizhon Zaripovich Bekchanov','www.zuzu. 2001.uz','42feb6dc55066d622cbd9a02776bdd8f'),('Shuhrat Abdurahmanovich Botirhodzhaev','xasan33001987@mail.ru','42feb6dc55066d622cbd9a02776bdd8f'),('Z.Hadzhimuhamedov','Z.Hadzhimuhamedov@mail.ru','42feb6dc55066d622cbd9a02776bdd8f'),('Zayni Bek','zayni-bek@umail.uz','42feb6dc55066d622cbd9a02776bdd8f'),('Z.Mutalova','zulkhumor.mutalova@minzdrav.uz   alimdjan.madaliev@minzdrav.uz','42feb6dc55066d622cbd9a02776bdd8f');
/*!40000 ALTER TABLE `users` ENABLE KEYS */;
UNLOCK TABLES;
/*!40103 SET TIME_ZONE=@OLD_TIME_ZONE */;

/*!40101 SET SQL_MODE=@OLD_SQL_MODE */;
/*!40014 SET FOREIGN_KEY_CHECKS=@OLD_FOREIGN_KEY_CHECKS */;
/*!40014 SET UNIQUE_CHECKS=@OLD_UNIQUE_CHECKS */;
/*!40101 SET CHARACTER_SET_CLIENT=@OLD_CHARACTER_SET_CLIENT */;
/*!40101 SET CHARACTER_SET_RESULTS=@OLD_CHARACTER_SET_RESULTS */;
/*!40101 SET COLLATION_CONNECTION=@OLD_COLLATION_CONNECTION */;
/*!40111 SET SQL_NOTES=@OLD_SQL_NOTES */;

-- Dump completed on 2019-12-18  1:08:36
